frage;antwort;beispielsatz;beispiel_uebersetzung
"der, die, das";"the";"I was in the mountains.";"Ich war in den Bergen."
"sein";"be";"I will be back soon.";"Ich komme bald wieder zurück."
"und";"and";"Everyone has strengths and weaknesses.";"Jeder hat seine Stärken und Schwächen."
"von";"of";"You had plenty of time.";"Du hattest eine Menge Zeit."
"zu";"to";"It seems interesting to me.";"Das scheint mir interessant!"
"ein, eine";"a";"Is it a recent picture?";"Ist das ein aktuelles Foto?"
"in";"in";"I was in the mountains.";"Ich war in den Bergen."
"haben";"have";"I shouldn't have logged off.";"Ich hätte mich nicht abmelden sollen."
"es";"it";"Is it a recent picture?";"Ist das ein aktuelles Foto?"
"du, Sie";"you";"You are in my way.";"Du bist mir im Weg."
"er";"he";"Do whatever he tells you.";"Mache alles, was er sagt."
"für";"for";"She's asking for the impossible.";"Sie verlangt das Unmögliche."
"sie";"they";"Are they all the same?";"Sind sie alle gleich?"
"nicht";"not";"No I'm not; you are!";"Nein, bin ich nicht; sondern du!"
"das, dass";"that";"That was an evil bunny.";"Das war ein böses Häschen."
"wir";"we";"Why don't we go home?";"Wieso gehen wir nicht heim?"
"an, auf";"on";"It depends on the context.";"Das hängt vom Kontext ab."
"mit";"with";"You're so impatient with me.";"Du bist so ungeduldig mit mir."
"dieser, diese, dieses";"this";"Who doesn't know this problem?!";"Wer kennt dieses Problem nicht?!"
"ich";"I";"I will be back soon.";"Ich komme bald wieder zurück."
"machen, tun";"do";"How do you spell ""pretty""?";"Wie schreibt man ""pretty""?"
"als, wie";"as";"The list is as follows.";"Die Liste ist wie folgt."
"bei, an";"at";"I'm not convinced at all.";"Ich bin überhaupt nicht überzeugt."
"sie";"she";"She's really smart, isn't she?";"Sie ist wirklich intelligent, oder?"
"aber";"but";"But the possibility seems unlikely.";"Aber die Möglichkeit scheint unwahrscheinlich."
"von, aus";"from";"People from Madrid are weird.";"Leute aus Madrid sind merkwürdig."
"von, durch, bei, mit";"by";"You'd better go by bus.";"Du solltest besser mit dem Bus fahren."
"werden";"will";"I will be back soon.";"Ich komme bald wieder zurück."
"oder";"or";"Is it sweet or sour?";"Schmeckt es süß oder sauer?"
"sagen";"say";"They say love is blind.";"Man sagt, Liebe mache blind."
"gehen";"go";"Why don't we go home?";"Wieso gehen wir nicht heim?"
"so, also";"so";"You're so impatient with me.";"Du bist so ungeduldig mit mir."
"alle";"all";"Are they all the same?";"Sind sie alle gleich?"
"wenn, falls";"if";"Telephone me if it rains.";"Rufen Sie mich bitte an, falls es regnet."
"eins, eine";"one";"One can always find time.";"Man kann immer Zeit finden."
"würde";"would";"Would you like to come?";"Würdest du gerne kommen?"
"über, von";"about";"You'll forget about me someday.";"Du wirst mich eines Tages vergessen."
"können";"can";"One can always find time.";"Man kann immer Zeit finden."
"welche, welcher";"which";"Which one do you take?";"Welches nimmst du?"
"dort";"there";"Then there is a problem...";"Dann haben wir ein Problem..."
"wissen, kennen";"know";"Who doesn't know this problem?!";"Wer kennt dieses Problem nicht?!"
"mehr";"more";"You should act more calmly.";"Du solltest besonnener handeln."
"bekommen, holen";"get";"I managed to get in.";"Es gelang mir hineinzukommen."
"wer";"who";"Who doesn't know this problem?!";"Wer kennt dieses Problem nicht?!"
"mögen";"like";"I don't like you anymore.";"Ich mag dich nicht mehr."
"wann, als";"when";"When did you finish it?";"Wann warst du damit fertig?"
"denken";"think";"Most people think I'm crazy.";"Die meisten Leute denken, ich sei verrückt."
"machen";"make";"I make €100 a day.";"Ich verdiene 100 Euro pro Tag."
"Zeit";"time";"One can always find time.";"Man kann immer Zeit finden."
"sehen";"see";"I'm anxious to see you.";"Ich bin gespannt dich zu sehen."
"was";"what";"What are you talking about?";"Worüber sprichst du?"
"auf, hoch";"up";"You should give up drinking.";"Du solltest mit dem Trinken aufhören."
"einige, manche";"some";"Who wants some hot chocolate?";"Wer will heiße Schokolade?"
"andere";"other";"Write on every other line.";"Beim Schreiben immer eine Zeile freilassen."
"aus, heraus";"out";"I'm running out of ideas.";"Mir gehen die Ideen aus."
"gut";"good";"Take good care of yourself.";"Pass gut auf dich auf."
"Leute";"people";"Most people think I'm crazy.";"Die meisten Leute denken, ich sei verrückt."
"Jahr";"year";"Everybody had a good year.";"Alle hatten ein gutes Jahr."
"nehmen";"take";"Take good care of yourself.";"Pass gut auf dich auf."
"nein, kein";"no";"No I'm not; you are!";"Nein, bin ich nicht; sondern du!"
"gut";"well";"You have done very well.";"Das hast du sehr gut gemacht."
"weil";"because";"That's because you're a girl.";"Das liegt daran, dass du ein Mädchen bist."
"sehr";"very";"The Germans are very crafty.";"Die Deutschen sind sehr listig."
"gerade, nur";"just";"It was just polite applause.";"Es wurde nur aus Höflichkeit geklatscht."
"kommen";"come";"Would you like to come?";"Würdest du gerne kommen?"
"könnte";"could";"Could you please repeat that?";"Könnten Sie das bitte wiederholen?"
"arbeiten, Arbeit";"work";"I work even on Sunday.";"Ich arbeite sogar sonntags."
"benutzen, verwenden";"use";"You can use this car.";"Du kannst diesen Wagen nehmen."
"als";"than";"Are you younger than him?";"Bist du jünger als er?"
"jetzt";"now";"Uh, now it's really weird...";"Oh, jetzt ist es wirklich verwirrend..."
"dann";"then";"Then there is a problem...";"Dann haben wir ein Problem..."
"auch";"also";"Do you also like jazz?";"Magst du auch Jazz?"
"in";"into";"Pull into shape after washing.";"Nach der Wäsche in Form bringen."
"nur";"only";"Only you answered the question.";"Nur du hast die Frage beantwortet."
"sehen, aussehen";"look";"Hey, look, a three-headed monkey!";"Hey, schau' mal, ein Affe mit drei Köpfen!"
"wollen";"want";"I want an MP3 player!";"Ich will einen MP3-Spieler!"
"geben";"give";"I give you my word.";"Ich gebe dir mein Wort."
"erste, zuerst";"first";"We are getting on first-rate.";"Wir verstehen uns sehr gut."
"neu";"new";"New York is worth visiting.";"New York ist einen Besuch wert."
"Weg";"way";"You are in my way.";"Du bist mir im Weg."
"finden";"find";"One can always find time.";"Man kann immer Zeit finden."
"über, vorbei";"over";"The vacation is over now.";"Die Ferien sind jetzt vorbei."
"irgendein";"any";"Do you have any pencils?";"Haben Sie Bleistifte?"
"nach, nachdem";"after";"Pull into shape after washing.";"Nach der Wäsche in Form bringen."
"Tag";"day";"I make €100 a day.";"Ich verdiene 100 Euro pro Tag."
"wo";"where";"Where are the eggs, please?";"Wo sind bitte die Eier?"
"Ding, Sache";"thing";"Innocence is a beautiful thing.";"Unschuld ist eine schöne Sache."
"die meisten";"most";"Most people think I'm crazy.";"Die meisten Leute denken, ich sei verrückt."
"sollen";"should";"You should give up drinking.";"Du solltest mit dem Trinken aufhören."
"Notwendigkeit";"need";"You need not telephone me.";"Du brauchst mich nicht anzurufen."
"viel";"much";"I like it very much.";"Ich mag es wirklich sehr."
"richtig, rechts";"right";"Turn right at the crossroad.";"Biegen Sie an der Kreuzung rechts ab."
"wie";"how";"How long did you stay?";"Wie lange bist du geblieben?"
"hinterer";"back";"I will be back soon.";"Ich komme bald wieder zurück."
"bedeuten";"mean";"I know what you mean.";"Ich weiß, was ihr meint."
"sogar";"even";"They don't even know why.";"Sie wissen nicht einmal, wieso."
"können, mögen";"may";"It may freeze next week.";"Nächste Woche wird es vielleicht Frost geben."
"hier";"here";"Is it far from here?";"Ist es weit von hier?"
"viele";"many";"You have many caring friends.";"Du hast viele Freunde, die sich kümmern."
"solch";"such";"Don't say such a thing.";"Sag nicht so etwas."
"Kind";"child";"Bess is simply a child.";"Bess ist nur ein Kind."
"wirklich";"really";"Uh, now it's really weird...";"Oh, jetzt ist es wirklich verwirrend..."
"rufen";"call";"That was a close call.";"Das war knapp!"
"vor";"before";"Have you met her before?";"Hast du sie schon einmal getroffen?"
"durch";"through";"The Kamo runs through Kyoto.";"Der Kamo fließt durch Kyoto."
"herunter";"down";"We skied down the slope.";"Wir fuhren die Abfahrt herunter."
"zeigen";"show";"Show me what you bought.";"Zeig mir, was du gekauft hast."
"Leben";"life";"Face life with a smile!";"Stell dich dem Leben lächelnd!"
"ändern";"change";"Did you notice any change?";"Hast du eine Veränderung bemerkt?"
"Bude";"place";"I'll come to your place.";"Ich komme zu dir."
"zwischen";"between";"It's all over between us.";"Es ist aus zwischen uns."
"spüren";"feel";"How do you feel now?";"Wie fühlst du dich jetzt?"
"zu";"too";"You're too suspicious about everything.";"Du bist allem gegenüber zu misstrauisch."
"noch";"still";"Hello? Are you still here?";"Hallo? Bist du noch da?"
"schreiben";"write";"Write your name in capitals.";"Schreib deinen Namen in Großbuchstaben."
"gleich";"same";"Are they all the same?";"Sind sie alle gleich?"
"versuchen";"try";"Try your best in everything.";"Versuche, in allem dein Bestes zu geben!"
"lassen";"leave";"Did you leave a tip?";"Hast du ein Trinkgeld dagelassen?"
"beide";"both";"We are both to blame.";"Wir haben beide Schuld."
"Rolle";"part";"Play the part of Hamlet.";"Spiele die Rolle des Hamlet!"
"Komma";"point";"You are off the point.";"Du kommst vom Thema ab!"
"klein";"little";"I have a little money.";"Ich habe ein bisschen Geld."
"fragen";"ask";"May I ask a question?";"Erlauben Sie mir eine Frage?"
"treffen";"meet";"Whenever they meet, they quarrel.";"Immer, wenn sie sich treffen, streiten sie sich."
"etwas";"something";"Please do something about it.";"Bitte tue etwas dagegen."
"noch einer";"another";"There must be another way.";"Es muss doch noch eine andere Möglichkeit geben!"
"Zinsen";"interest";"Thank you for your interest.";"Danke für ihr Interesse."
"Land";"country";"The king governed the country.";"Der König regierte das Land."
"jeder";"each";"Each person is a world.";"Jeder Mensch ist eine Welt."
"Schule";"school";"I was late to school.";"Ich bin zu spät in die Schule gekommen."
"spät";"late";"I was late to school.";"Ich bin zu spät in die Schule gekommen."
"hoch";"high";"How high can you jump?";"Wie hoch können Sie springen?"
"nächster";"next";"It may freeze next week.";"Nächste Woche wird es vielleicht Frost geben."
"warum";"why";"Why don't we go home?";"Wieso gehen wir nicht heim?"
"solange";"while";"Enjoy life while you may.";"Genieße das Leben, solange du es kannst!"
"Welt";"world";"Each person is a world.";"Jeder Mensch ist eine Welt."
"spielen";"play";"Do you not play tennis?";"Spielen Sie kein Tennis?"
"müssen";"must";"We must think about friends.";"Wir müssen an Freunde denken."
"Heimat";"home";"Why don't we go home?";"Wieso gehen wir nicht heim?"
"nie";"never";"We never work on Sunday.";"Wir arbeiten sonntags nie."
"Haus";"house";"The house was in flames.";"Das Haus stand in Flammen."
"berichten";"report";"Can the report be true?";"Kann der Bericht stimmen?"
"Gruppe";"group";"He's not in our group.";"Er gehört nicht zu uns."
"Fall";"case";"That is not the case.";"Das ist nicht der Fall."
"Buch";"book";"You may keep the book.";"Du darfst das Buch behalten."
"Familie";"family";"My family are all well.";"In meiner Familie geht es allen gut."
"scheinen";"seem";"You seem an honest man.";"Sie scheinen ein ehrlicher Mann zu sein."
"wieder";"again";"Classes are starting again soon.";"Der Unterricht fängt bald wieder an."
"bewahren";"keep";"Can you keep a secret?";"Könnt ihr ein Geheimnis bewahren?"
"hören";"hear";"I can hardly hear you.";"Ich höre dich kaum."
"Frage";"question";"May I ask a question?";"Erlauben Sie mir eine Frage?"
"während";"during";"No admittance during the performance.";"Kein Einlass während der Vorstellung."
"immer";"always";"One can always find time.";"Man kann immer Zeit finden."
"klein";"small";"This is a small book.";"Dies ist ein kleines Buch."
"lernen";"study";"You must study much harder.";"Du musst viel fleißiger lernen."
"folgen";"follow";"I don't quite follow you.";"Ich kann Ihnen nicht ganz folgen."
"wichtig";"important";"This is an important event.";"Dies ist ein wichtiges Ereignis."
"seither";"since";"Have you been here since?";"Bist du seither hier gewesen?"
"unter";"under";"We are under his command.";"Wir stehen unter seinem Befehl."
"wenig";"few";"Few people attended the meeting.";"Nur ein paar Leute nahmen an der Sitzung teil."
"bringen";"bring";"Bring your brother with you.";"Bring deinen Bruder mit."
"früh";"early";"We got an early start.";"Wir brachen morgens früh auf."
"Hand";"hand";"My right hand is numb.";"Meine rechte Hand ist taub."
"Staat";"state";"You can't estimate this state.";"Du kannst den Staat nicht abschätzen."
"bewegen";"move";"Don't you move from here.";"Beweg dich nicht von der Stelle."
"Geld";"money";"Haven't you got any money?";"Hast du kein Geld?"
"Fakt";"fact";"You should emphasize that fact.";"Du solltest diesen Fakt betonen."
"Gebiet";"area";"Infect the area with cholera.";"Stecke das Gebiet mit Cholera an."
"lesen können";"read";"Can you read this kanji?";"Kannst du dieses Kanji-Zeichen lesen?"
"Freund";"friend";"You are my best friend.";"Du bist mein bester Freund."
"Monat";"month";"The meeting was last month.";"Das Treffen war letzten Monat."
"Angelegenheit";"business";"It's none of your business.";"Das geht dich nichts an!"
"ohne";"without";"Nothing is achieved without effort.";"Ohne Anstrengung erreicht man nichts."
"Information";"information";"Thank you for the information.";"Danke für die Information."
"offen";"open";"Banks open at nine o'clock.";"Die Banken öffnen um neun Uhr."
"Regierung";"government";"The government oppressed the people.";"Die Regierung unterdrückte das Volk."
"Wort";"word";"I give you my word.";"Ich gebe dir mein Wort."
"Markt";"market";"He breeds cattle for market.";"Er züchtet für den Markt Rinder."
"bauen";"build";"Birds build nests of twigs.";"Vögel bauen Nester aus Zweigen."
"halten";"hold";"Hold on to the rope.";"Halt dich an dem Seil fest."
"gegen";"against";"The students revolted against authority.";"Die Studenten lehnten sich gegen die Obrigkeit auf."
"zweite";"second";"Everyone deserves a second chance.";"Jeder verdient eine zweite Chance."
"Lieber";"love";"They say love is blind.";"Man sagt, Liebe mache blind."
"Arbeit";"job";"You did an excellent job.";"Sie haben ausgezeichnete Arbeit geleistet."
"Plan";"plan";"I approve of your plan.";"Ich billige Ihren Plan."
"Ergebnis";"result";"The result will satisfy him.";"Das Ergebnis wird ihn zufriedenstellen."
"weg";"away";"Don't throw away your chance.";"Wirf deine Chance nicht einfach so weg!"
"Beispiel";"example";"You've set a bad example.";"Sie haben ein schlechtes Beispiel abgegeben."
"geschehen";"happen";"Nobody can foresee what'll happen.";"Niemand kann voraussehen, was geschehen wird."
"Angebot";"offer";"She accepted our offer notwithstanding.";"Nichtsdestoweniger akzeptierte sie unser Angebot."
"Sendung";"program";"This program is a rerun.";"Diese Sendung ist eine Wiederholung."
"verstehen";"understand";"I understand your position perfectly.";"Ich kann deinen Standpunkt nur zu gut verstehen."
"danken";"thank";"You ought to thank him.";"Du müsstest ihm danken."
"fern";"far";"Is it far from here?";"Ist es weit von hier?"
"heute";"today";"It is very hot today.";"Heute ist es sehr heiß."
"Student";"student";"Are you a Japanese student?";"Sind Sie ein japanischer Student?"
"hoffen";"hope";"Hope is not a strategy.";"Hoffnung ist keine Strategie."
"Idee";"idea";"Please sum up your idea.";"Fass deine Idee bitte zusammen."
"kosten";"cost";"How much will it cost?";"Wie viel wird das kosten?"
"weniger";"less";"5 is less than 8.";"5 ist weniger als 8."
"Grund";"reason";"Do you know the reason?";"Weißt du, warum?"
"Formular";"form";"Fill out this form, please.";"Bitte füllen Sie dieses Formular aus."
"ausgeben";"spend";"Don't spend too much money.";"Gib nicht zu viel Geld aus."
"Auto";"car";"Can you drive a car?";"Kannst du ein Auto fahren?"
"lernen";"learn";"English is difficult to learn.";"Englisch ist schwer zu lernen."
"Erlebnis";"experience";"Do you have professional experience?";"Haben Sie Berufserfahrung?"
"einmal";"once";"You may go at once.";"Du kannst sofort gehen."
"Mitglied";"member";"Tom is not a member.";"Tom ist kein Mitglied."
"genug";"enough";"I can't thank you enough.";"Ich kann euch nicht genug danken."
"Stadt";"city";"Kanazawa is a quiet city.";"Kanazawa ist eine ruhige Stadt."
"Nacht";"night";"It's been snowing all night.";"Es hat die ganze Nacht geschneit."
"imstande";"able";"Are you able to type?";"Können Sie Maschine schreiben?"
"unterstützen";"support";"I cannot support your conduct.";"Ich kann dein Verhalten nicht unterstützen."
"ob";"whether";"I wonder whether you understand.";"Ich frage mich, ob Sie das verstehen."
"anwesend";"present";"All the members were present.";"Alle Mitglieder waren anwesend."
"Seite";"side";"Lie on your right side.";"Legen Sie sich auf die rechte Seite!"
"ziemlich";"quite";"You are quite a man.";"Du bist ein echter Kerl."
"obwohl";"although";"Pinocchio, although alone, defended himself bravely.";"Obwohl er allein war, verteidigte sich Pinocchio tapfer."
"sicher";"sure";"I'm sure of your success.";"Ich bin mir deines Erfolges sicher."
"Begriff";"term";"'Radioactivity' is a chemical term.";"""Radioaktivität"" ist ein chemischer Begriff."
"Alter";"age";"He doesn't look his age.";"Man sieht ihm sein Alter nicht an."
"in";"within";"Within every man are thousands.";"In jedem Menschen stecken Tausende."
"häufig";"often";"Thermometers often go below zero.";"Thermometer zeigen häufig unter null Grad."
"möglich";"possible";"She's asking how that's possible.";"Sie fragt, wie das möglich ist."
"tatsächlich";"actually";"We actually saw the accident.";"Wir haben den Unfall tatsächlich gesehen."
"lieber";"rather";"I'd rather stay at home.";"Ich bliebe lieber zu Hause."
"Ansicht";"view";"Your view is too optimistic.";"Ihre Ansicht ist zu optimistisch."
"zusammen";"together";"The family ate dinner together.";"Die Familie aß zusammen zu Abend."
"schon";"already";"Are my socks dry already?";"Sind meine Socken schon trocken?"
"Geschichte";"story";"It was a heartbreaking story.";"Das war eine herzzerreißende Geschichte."
"beinahe";"almost";"I almost missed the train.";"Ich hätte beinahe den Zug verpasst."
"fortsetzen";"continue";"We will continue the discussion.";"Wir werden die Diskussion fortsetzen."
"stehen";"stand";"I can't stand it anymore.";"Ich kann es nicht mehr ertragen."
"noch";"yet";"The train hasn't arrived yet.";"Der Zug ist noch nicht angekommen."
"erwarten";"expect";"We expect him to succeed.";"Wir erwarten von ihm, dass er erfolgreich ist."
"Auswirkung";"effect";"That won't have an effect.";"Das wird keine Folgen haben."
"jemals";"ever";"Have you ever visited Rome?";"Haben Sie jemals Rom besucht?"
"irgendetwas";"anything";"You didn't tell him anything?";"Du hast ihm nichts gesagt?"
"Wasser";"water";"Fish live in the water.";"Fische leben im Wasser."
"bald";"soon";"I will be back soon.";"Ich komme bald wieder zurück."
"Wache";"watch";"Did you watch the game?";"Hast du das Spiel gesehen?"
"Macht";"power";"Power and money are inseparable.";"Macht und Geld sind untrennbar."
"Test";"test";"I found the test difficult.";"Ich fand den Test schwierig."
"Zentrum";"center";"The center is an ideal.";"Das Zentrum ist ein Ideal."
"wachsen";"grow";"Plants grow quickly after rain.";"Pflanzen wachsen schnell, wenn es geregnet hat."
"nichts";"nothing";"Nothing is achieved without effort.";"Ohne Anstrengung erreicht man nichts."
"zurückkehren";"return";"I must return his call.";"Ich muss ihn zurückrufen."
"Mutter";"mother";"Mary looks like her mother.";"Maria sieht wie ihre Mutter aus."
"Masse";"matter";"I'll go no matter what.";"Ich gehe auf jeden Fall."
"Genie";"mind";"Set your mind at ease.";"Seien Sie beruhigt!"
"Wert";"value";"It is of great value.";"Es ist sehr wertvoll."
"Amt";"office";"Call me at the office.";"Ruft mich im Büro an."
"Aufzeichnung";"record";"Record the broadcast on tape.";"Nimm die Sendung auf Band auf."
"aufschieben";"stay";"How long did you stay?";"Wie lange bist du geblieben?"
"Kraft";"force";"Violence is a weak force.";"Gewalt ist eine schwache Kraft."
"einige";"several";"The temperature fell several degrees.";"Die Temperatur fiel um einige Grad."
"Ampel";"light";"You ran a red light.";"Du hast eine rote Ampel überfahren."
"entwickeln";"develop";"Let's see how things develop.";"Lasst uns schauen, wie sich die Dinge entwickeln."
"sich erinnern";"remember";"I remember seeing her somewhere.";"Ich erinnere mich, sie irgendwo gesehen zu haben."
"Gebiss";"bit";"She bit into the apple.";"Sie biss in den Apfel."
"echt";"real";"There are no real visions.";"Es gibt keine reellen Visionen."
"Figur";"figure";"Kate has a good figure.";"Kate hat eine gute Figur."
"Brief";"letter";"Are you writing a letter?";"Schreibst du einen Brief?"
"Sprache";"language";"We talked in sign language.";"Wir haben in Zeichensprache gesprochen."
"Unterricht";"class";"Class doesn't begin until eight-thirty.";"Der Unterricht fängt erst um halb neun an."
"Entwicklung";"development";"This is a recent development.";"Das ist eine jüngere Entwicklung."
"Stadt";"town";"The town fell into ruin.";"Die Stadt zerfiel."
"halb";"half";"Well begun is half done.";"Frisch gewagt ist halb gewonnen."
"Minute";"minute";"A minute has sixty seconds.";"Eine Minute entspricht sechzig Sekunden."
"Zukunft";"future";"You have a bright future.";"Du hast eine glänzende Zukunft."
"her";"ago";"How long ago was that?";"Wie lang ist das her?"
"gewinnen";"win";"Bill will win, won't he?";"Bill wird wohl gewinnen, nicht wahr?"
"Farbe";"color";"Do you like this color?";"Magst du diese Farbe?"
"erreichen";"reach";"How can I reach you?";"Wie kann ich dich erreichen?"
"Stunde";"period";"We have English third period.";"In der dritten Stunde haben wir Englisch."
"über";"across";"Tom walked across the street.";"Tom ging über die Straße."
"Notiz";"note";"He slipped me a note.";"Er steckte mir eine Notiz zu."
"Geschichte";"history";"Generally speaking, history repeats itself.";"Allgemein gesagt: Geschichte wiederholt sich."
"fahren";"drive";"Can you drive a car?";"Kannst du ein Auto fahren?"
"Typ";"type";"This is not my type.";"Das ist nicht mein Typ."
"Musik";"music";"Do you like Mozart's music?";"Magst du die Musik von Mozart?"
"Spiel";"game";"Did you watch the game?";"Hast du das Spiel gesehen?"
"erhalten";"receive";"Did you receive the letter?";"Haben Sie den Brief erhalten?"
"Moment";"moment";"This is a great moment.";"Dies ist ein grandioser Moment."
"Verkauf";"sale";"This article is for sale.";"Dieser Artikel ist zu verkaufen."
"Körper";"body";"Exercise makes your body strong.";"Übung stärkt den Körper."
"warten";"wait";"Wait in the waiting room.";"Warten Sie im Wartezimmer."
"Mannschaft";"team";"Our team won the game.";"Unsere Mannschaft hat das Spiel gewonnen."
"leicht";"easy";"Travelling is easy these days.";"Reisen ist heutzutage leicht."
"Sinn";"sense";"This sentence doesn't make sense.";"Dieser Satz ergibt keinen Sinn."
"Regel";"rule";"The rule should be revised.";"Die Regel sollte überarbeitet werden."
"reichen";"pass";"Pass me the salt, please.";"Reiche mir bitte das Salz."
"verkaufen";"sell";"We sell goods on commission.";"Wir verkaufen Waren in Kommission."
"sich verständigen";"agree";"I don't agree with him.";"Ich stimme ihm nicht zu."
"Gesetz";"law";"The law was enforced immediately.";"Dem Gesetz wurde sofort Geltung verschafft."
"alles";"everything";"You're too suspicious about everything.";"Du bist allem gegenüber zu misstrauisch."
"Forschung";"research";"He dedicates himself to research.";"Er widmet sich der Forschung."
"Papier";"paper";"Did you cut the paper?";"Hast du das Papier geschnitten?"
"menschlich";"human";"This dog is almost human.";"Dieser Hund ist fast menschlich."
"Computer";"computer";"Aaah!! My computer is broken!";"Aaah!! Mein Computer ist kaputt!"
"Situation";"situation";"The situation is growing serious.";"Die Situation wird immer ernster."
"Mitarbeiter";"staff";"Admittance to staff members only.";"Zutritt nur für Mitarbeiter."
"Film";"film";"The film lasted 2 hours.";"Der Film dauerte 2 Stunden."
"Krieg";"war";"Hitler led Germany into war.";"Hitler führte Deutschland in den Krieg."
"Begründung";"account";"This is my account book.";"Das ist mein Kassenbuch."
"Laden";"shop";"The shop is closed today.";"Der Laden ist heute geschlossen."
"bedeutend";"major";"That is your major problem.";"Das ist dein Hauptproblem."
"Ereignis";"event";"This is an important event.";"Dies ist ein wichtiges Ereignis."
"manchmal";"sometimes";"The roses sometimes grow wild.";"Manchmal wachsen Rosen wild."
"Bedingung";"condition";"We are in good condition.";"Wir sind gut in Form."
"Vater";"father";"Mary takes after her father.";"Maria gerät nach ihrem Vater."
"Entscheidung";"decision";"I don't approve your decision.";"Ich billige Ihre Entscheidung nicht."
"schneiden";"cut";"Cut, wash and dry, please.";"Schneiden, waschen und föhnen bitte."
"beschreiben";"describe";"Can you describe the object?";"Können Sie den Gegenstand beschreiben?"
"besonders";"especially";"Antique carpets are especially valuable.";"Antike Teppiche sind besonders wertvoll."
"steigen";"rise";"Prices will continue to rise.";"Die Preise werden weiter steigen."
"vielleicht";"maybe";"Maybe he liked the idea.";"Vielleicht gefiel ihm die Idee."
"Gemeinde";"community";"That will benefit the community.";"Das wird der Gemeinde nützen."
"anderer";"else";"Nobody else offered to help.";"Kein anderer bot seine Hilfe an."
"zusammenkommen";"join";"Will you join our club?";"Wirst du unserem Klub beitreten?"
"schwer";"difficult";"English is difficult to learn.";"Englisch ist schwer zu lernen."
"gefallen";"please";"Where are the eggs, please?";"Wo sind bitte die Eier?"
"Unterschied";"difference";"That won't make any difference.";"Das macht keinen Unterschied."
"Gesundheit";"health";"I envy your good health.";"Ich beneide dich um deine Gesundheit."
"speisen";"eat";"Why don't you eat vegetables?";"Warum isst du kein Gemüse?"
"Schritt";"step";"He took a step forward.";"Er machte einen Schritt nach vorn."
"wahr";"TRUE";"I thought it was true.";"Ich dachte, es wäre wahr."
"sich";"themselves";"They armed themselves with rifles.";"Sie bewaffneten sich mit Gewehren."
"weiß";"white";"It is a white lie.";"Das ist eine Notlüge."
"Modell";"model";"I made a model plane.";"Ich habe ein Modellflugzeug gebaut."
"Kunde";"customer";"The customer did not come.";"Der Kunde ist nicht gekommen."
"erklären";"explain";"I can't explain it either.";"Ich kann es auch nicht erklären."
"Tür";"door";"Mary closed the door quietly.";"Marie schloss die Tür vorsichtig."
"ökonomisch";"economic";"He has much economic knowledge.";"Er hat gute Wirtschaftskenntnisse."
"Standort";"site";"This site is really great!";"Diese Seite ist wirklich toll!"
"Lehrer";"teacher";"Mr Kato is a teacher.";"Herr Kato ist Lehrer."
"Land";"land";"The land yields heavy crops.";"Das Land erbringt ertragreiche Ernten."
"Entgelt";"charge";"Charge this bill to me.";"Die Rechnung geht auf mich."
"Gebärde";"sign";"We talked in sign language.";"Wir haben in Zeichensprache gesprochen."
"Beziehung";"relationship";"They had an extraordinary relationship.";"Sie hatten eine außergewöhnliche Beziehung."
"Anzahl";"amount";"What is the total amount?";"Wie viel ist das insgesamt?"
"verbessern";"improve";"This will improve the performance.";"Dies erhöht die Produktivität."
"Foto";"picture";"Is it a recent picture?";"Ist das ein aktuelles Foto?"
"Junge";"boy";"You are a good boy.";"Du bist ein guter Junge."
"Organisation";"organization";"The organization has seventy-four members.";"Die Organisation hat vierundsiebzig Mitglieder."
"Paar";"couple";"They make a perfect couple.";"Sie sind ein perfektes Paar."
"Spanne";"range";"She only eats free-range chicken.";"Sie isst nur Huhn aus Freilandhaltung."
"Qualität";"quality";"This article is high quality.";"Dieser Artikel ist von hoher Qualität."
"Projekt";"project";"The company abandoned that project.";"Die Firma hat das Projekt aufgegeben."
"rund";"round";"We sat round the fire.";"Wir saßen um das Feuer."
"Gelegenheit";"opportunity";"I missed a golden opportunity.";"Ich habe mir eine einmalige Gelegenheit entgehen lassen."
"Straße";"road";"The road is under repair.";"Die Straße wird repariert."
"Liste";"list";"The list is as follows.";"Die Liste ist wie folgt."
"wünschen";"wish";"I wish I were rich.";"Ich wünschte, ich wäre reich."
"also";"therefore";"I think, therefore I am.";"Ich denke, also bin ich."
"Ruhe";"rest";"I rest on your promise.";"Ich vertraue deinem Versprechen."
"Industrie";"industry";"They are wanting in industry.";"Es mangelt ihnen an Industrie."
"Bildung";"education";"He received a good education.";"Er hat eine gute Bildung genossen."
"töten";"kill";"He tried to kill himself.";"Er versuchte sich selbst zu töten."
"wahrscheinlich";"likely";"Do you think it likely?";"Hältst du das für wahrscheinlich?"
"natürlich";"certainly";"Certainly. What can I do?";"Natürlich. Was kann ich tun?"
"unterrichten";"teach";"Will Mr Oka teach English?";"Wird Herr Oka Englisch unterrichten?"
"Luft";"air";"We cannot live without air.";"Ohne Luft kann man nicht leben."
"Vorteil";"benefit";"That will benefit the community.";"Das wird der Gemeinde nützen."
"Risiko";"risk";"The risk is too great.";"Das Risiko ist zu groß."
"Nachricht";"news";"No news is good news.";"Keine Nachricht, gute Nachricht."
"Prozent";"percent";"We are the 99 percent.";"Wir sind die 99 Prozent."
"Fokus";"focus";"The image isn't in focus.";"Das Bild ist nicht im Fokus."
"Bühne";"stage";"These pillars support the stage.";"Diese Säulen stützen die Bühne."
"Weltraum";"space";"Space is full of mystery.";"Der Weltraum ist voller Rätsel."
"Daten";"data";"The scientists want more data.";"Die Wissenschaftler wollen mehr Daten."
"einzeln";"single";"Is he married or single?";"Ist er verheiratet oder ledig?"
"Adresse";"address";"Please tell me your address.";"Bitte sag mir deine Adresse."
"Aufführung";"performance";"No admittance during the performance.";"Kein Einlass während der Vorstellung."
"Chance";"chance";"Everyone deserves a second chance.";"Jeder verdient eine zweite Chance."
"annehmen";"accept";"I knew he would accept.";"Ich wusste, dass er zustimmen würde."
"Technologie";"technology";"Why does technology hate me?";"Warum hasst mich die Technologie?"
"sparen";"save";"I'm trying to save money.";"Ich versuche, Geld zu sparen."
"häufig";"common";"Such incidents are quite common.";"Solche Vorkommnisse sind recht häufig."
"Kultur";"culture";"I learned about Greek culture.";"Ich habe etwas über die griechische Kultur gelernt."
"Gesamtbetrag";"total";"What is the total amount?";"Wie viel ist das insgesamt?"
"Nachfrage";"demand";"The price reflects the demand.";"Der Preis spiegelt die Nachfrage."
"hören";"listen";"Let's listen to some music.";"Lass uns Musik hören."
"fällig";"due";"The rent is due tomorrow.";"Die Miete ist morgen fällig."
"Fuß";"foot";"My right foot is sleeping.";"Mein rechter Fuß ist eingeschlafen."
"Anstrengung";"effort";"Nothing is achieved without effort.";"Ohne Anstrengung erreicht man nichts."
"Aufmerksamkeit";"attention";"Attention centered on the singer.";"Die Aufmerksamkeit richtete sich auf die Sängerin."
"Kontrolle";"check";"When should we check out?";"Wann sollten wir uns abmelden?"
"beenden";"complete";"It was a complete failure.";"Es war ein totaler Reinfall."
"reduzieren";"reduce";"Yoga can help reduce stress.";"Yoga kann helfen, Stress zu mindern."
"Boden";"ground";"The party gained ground rapidly.";"Die Partei gewann rasch an Boden."
"ankommen";"arrive";"Will we arrive on time?";"Werden wir pünktlich ankommen?"
"geduldig";"patient";"You have to be patient.";"Du musst geduldig sein."
"Jahrhundert";"century";"A century is one hundred years.";"Ein Jahrhundert hat hundert Jahre."
"bestehen";"exist";"I don't exist to you.";"Für dich gibt es mich nicht mehr."
"Anführer";"leader";"Kent is a born leader.";"Ken ist ein geborener Anführer."
"Straße";"street";"Tom walked across the street.";"Tom ging über die Straße."
"Frau";"wife";"Bob made her his wife.";"Bob nahm sie zur Frau."
"Sport";"sport";"Tennis is my favorite sport.";"Tennis ist mein Lieblingssport."
"zubereiten";"prepare";"My sister will prepare breakfast.";"Meine Schwester wird das Frühstück zubereiten."
"besprechen";"discuss";"We will discuss that later.";"Das werden wir später besprechen."
"Antwort";"response";"He immediately sought a response.";"Er suchte sofort eine Antwort."
"Stimme";"voice";"Betty has a sweet voice.";"Betty hat eine schöne Stimme."
"Ende";"finish";"When did you finish it?";"Wann warst du damit fertig?"
"Feuer";"fire";"A fire broke out nearby.";"Es brach ein Feuer in der Nähe aus."
"vergleichen";"compare";"Compare your answer with Tom's.";"Vergleichen Sie Ihre Antwort mit der von Tom."
"Gericht";"court";"The court judged him guilty.";"Das Gericht befand ihn für schuldig."
"arm";"poor";"It was a poor concert.";"Es war ein schlechtes Konzert."
"Lachen";"laugh";"You may laugh at me.";"Du kannst über mich lachen."
"Arm";"arm";"The man took my arm.";"Der Mann nahm meinen Arm."
"Quelle";"source";"I can't reveal my source.";"Ich kann meine Quelle nicht enthüllen."
"Arbeitnehmer";"employee";"He apologized to the employee.";"Er entschuldigte sich bei dem Angestellten."
"Sparschwein";"bank";"You can bank on that.";"Du kannst darauf vertrauen."
"Artikel";"article";"The article deserves careful study.";"Der Artikel ist es wert, aufmerksam studiert zu werden."
"Überraschung";"surprise";"I jumped up in surprise.";"Ich sprang erschrocken auf."
"Feature";"feature";"This is a wonderful feature.";"Das ist ein tolles Feature."
"Faktor";"factor";"Health is an important factor of happiness.";"Gesundheit ist ein wesentlicher Faktor zum Glück."
"neu";"recent";"Is it a recent picture?";"Ist das ein aktuelles Foto?"
"Kampagne";"campaign";"The campaign ends at midnight.";"Die Kampagne endete um Mitternacht."
"jeder";"everyone";"Everyone has strengths and weaknesses.";"Jeder hat seine Stärken und Schwächen."
"vergessen";"forget";"You'll forget about me someday.";"Du wirst mich eines Tages vergessen."
"trinken";"drink";"Give me something to drink.";"Bitte geben Sie mir irgendetwas zu trinken."
"Meinung";"opinion";"Your opinion is very constructive.";"Deine Meinung ist sehr konstruktiv."
"parken";"park";"Didn't you visit the park?";"Hast du den Park nicht besichtigt?"
"Schlüssel";"key";"You took the wrong key.";"Du hast den falschen Schlüssel genommen."
"Manager";"manager";"He isn't actually the manager.";"Eigentlich ist er gar nicht der Manager."
"enthalten";"contain";"Many household cleaners contain poison.";"Viele Haushaltsreiniger enthalten Gift."
"Kündigungsfrist";"notice";"Did you notice any change?";"Hast du eine Veränderung bemerkt?"
"sich wundern";"wonder";"I wonder who to invite.";"Ich frage mich, wen ich einladen soll."
"Natur";"nature";"I have a suspicious nature.";"Ich bin von Natur aus misstrauisch."
"Struktur";"structure";"The work has no structure.";"Die Arbeit hat keine Struktur."
"Abschnitt";"section";"The last section was brutal.";"Der letzte Abschnitt war brutal."
"mir";"myself";"I'm beside myself with joy.";"Ich bin außer mir vor Freude."
"genau";"exactly";"What exactly does that mean?";"Was genau bedeutet das?"
"Arbeiter";"worker";"You're really a hard worker.";"Du bist wirklich ein fleißiger Arbeiter."
"Presse";"press";"The press confirmed the rumors.";"Die Presse bestätigte die Gerüchte."
"egal";"whatever";"Do whatever he tells you.";"Mache alles, was er sagt."
"notwendig";"necessary";"Salt is necessary for cooking.";"Salz ist notwendig zum Kochen."
"Region";"region";"This region produces precious minerals.";"In dieser Region fördert man wertvolle Mineralien."
"Wachstum";"growth";"India has shown impressive growth.";"Indien zeigt beeindruckendes Wachstum."
"Abend";"evening";"It's awfully cold this evening.";"Es ist entsetzlich kalt heute Abend."
"Einfluss";"influence";"She let him influence her.";"Sie hat sich von ihm beeinflussen lassen."
"also";"thus";"Thus, he lost all the money.";"Daher verlor er das gesamte Geld."
"Geschicklichkeit";"skill";"This job calls for skill.";"Diese Arbeit erfordert Geschicklichkeit."
"Durchschnitt";"average";"Your work is below average.";"Deine Arbeit ist unterdurchschnittlich."
"Lager";"stock";"We're out of stock now.";"Momentan haben wir es nicht auf Lager."
"Charakter";"character";"It runs against his character.";"Das ist seinem Charakter zuwider."
"Bett";"bed";"You should stay in bed.";"Du solltest im Bett bleiben."
"schlagen";"hit";"I will hit the sack.";"Ich hau mich aufs Ohr."
"Wirtschaft";"economy";"The Japanese economy developed rapidly.";"Die japanische Wirtschaft hat sich schnell entwickelt."
"gestern";"yesterday";"Why were you absent yesterday?";"Warum hast du gestern gefehlt?"
"Bild";"image";"Can we enhance the image?";"Können wir das Bild vergrößern?"
"Konfektionsgröße";"size";"Do you know your size?";"Kennen Sie Ihre Konfektionsgröße?"
"Verhalten";"behavior";"I'm surprised at your behavior.";"Dein Verhalten überrascht mich."
"Zufügung";"addition";"I paid five dollars in addition.";"Ich bezahlte fünf Dollar extra."
"bestimmen";"determine";"It is hard to determine the distance.";"Es ist schwer, die Entfernung zu bestimmen."
"Bevölkerung";"population";"The population is dying off.";"Die Bevölkerung stirbt aus."
"durchfallen";"fail";"You cannot fail this time.";"Diesmal kannst du nicht durchfallen."
"Produktion";"production";"We have cut back production by 20%.";"Wir haben die Produktion um 20 % zurückgefahren."
"Vertrag";"contract";"The contract has been concluded.";"Der Vertrag wurde abgeschlossen."
"Spieler";"player";"I want an MP3 player!";"Ich will einen MP3-Spieler!"
"Kommentar";"comment";"Few people understood his comment.";"Wenige Menschen verstanden seinen Kommentar."
"alleinig";"alone";"Did you come here alone?";"Bist du allein hergekommen?"
"Medikament";"drug";"The drug acts like magic.";"Das Medikament wirkt wie ein Zaubermittel."
"Wand";"wall";"Don't lean against the wall.";"Nicht an die Wand lehnen!"
"direkt";"direct";"Your questions were too direct.";"Deine Fragen waren zu direkt."
"morgen";"tomorrow";"You'll go to school tomorrow.";"Du wirst morgen zur Schule gehen."
"deutlich";"clearly";"Speak up, and speak clearly.";"Sprich laut und deutlich."
"Mangel";"lack";"What you lack is stamina.";"Was dir fehlt, ist Ausdauer!"
"Kritik";"review";"Next time, review more carefully.";"Überprüfe es das nächste Mal sorgfältiger!"
"Rennen";"race";"He slowly finished the race.";"Langsam beendete er das Rennen."
"Fenster";"window";"He jumped out the window.";"Er ist aus dem Fenster gesprungen."
"Zweck";"purpose";"He kicked me on purpose.";"Er hat mich mit Absicht getreten."
"gewinnen";"gain";"We gain wisdom with age.";"Mit dem Alter gewinnen wir an Weisheit."
"Baum";"tree";"The tree was blown down.";"Der Baum ist umgeweht worden."
"streiten";"argue";"Tom always wants to argue.";"Tom will immer streiten."
"Brett";"board";"How thick is the board?";"Wie dick ist das Brett?"
"Urlaub";"holiday";"Did you enjoy your holiday?";"Habt ihr euren Urlaub genossen?"
"Kirche";"church";"Tonight we're going to church.";"Heute Abend gehen wir in die Kirche."
"Maschine";"machine";"I got the machine running.";"Ich habe die Maschine in Gang gesetzt."
"erreichen";"achieve";"It's hard to achieve happiness.";"Glückseligkeit ist schwer zu erreichen."
"Gegenstand";"item";"What is this item called?";"Wie heißt dieser Gegenstand?"
"beweisen";"prove";"I'll prove it to you.";"Ich werde es dir beweisen."
"Fußboden";"floor";"Please clean the dirty floor.";"Bitte machen Sie den schmutzigen Fußboden sauber."
"jemand";"anyone";"Anyone can do it easily.";"Das ist für jeden leicht zu machen."
"Methode";"method";"I prefer a systematic method.";"Ich bevorzuge eine systematische Methode."
"Wahl";"election";"He was running for re-election.";"Er stellte sich zur Wiederwahl."
"Hotel";"hotel";"The hotel fronts the lake.";"Das Hotel liegt gegenüber vom See."
"Diskussion";"discussion";"Let's carry on the discussion.";"Lasst uns die Diskussion fortsetzen."
"Herausforderung";"challenge";"I gladly accept your challenge.";"Ich nehme deine Herausforderung mit Freuden an."
"beinahe";"nearly";"I nearly made a mistake.";"Beinahe hätte ich einen Fehler gemacht."
"Stellungnahme";"statement";"The statement was not timely.";"Die Stellungnahme kam nicht rechtzeitig."
"trotz";"despite";"Esperanto exists despite the 'Esperantists'.";"Esperanto existiert trotz der ""Esperantisten""."
"vorstellen";"introduce";"Please introduce me to her.";"Bitte stelle mich ihr vor!"
"Vorteil";"advantage";"It is to his advantage.";"Es ist zu seinem Vorteil."
"bereit";"ready";"Are you ready to eat?";"Sind Sie bereit zum Essen?"
"heiraten";"marry";"I want to marry you.";"Ich will dich heiraten."
"streiken";"strike";"The workers are on strike.";"Die Arbeiter streiken."
"suchen";"seek";"Seek, and you will find.";"Sucht, und ihr werdet finden."
"Einheit";"unit";"Who's in command of this unit?";"Unter wessen Befehl steht diese Einheit?"
"Krankenhaus";"hospital";"There is a hospital nearby.";"In der Nähe befindet sich ein Krankenhaus."
"schnell";"quickly";"Fruits tend to rot quickly.";"Obst fault meist schnell."
"Vorstellungsgespräch";"interview";"How did your interview go?";"Wie ist dein Vorstellungsgespräch gelaufen?"
"Vereinbarung";"agreement";"We are all in agreement.";"Wir sind alle einer Meinung."
"Steuer";"tax";"Does that price include tax?";"Ist die Steuer im Preis enthalten?"
"Lösung";"solution";"Surgery is the best solution.";"Eine Operation ist die beste Lösung."
"Angst";"fear";"Fear always springs from ignorance.";"Angst entsteht immer aus Unwissenheit."
"Zielen";"aim";"He has no specific aim.";"Er hat kein bestimmtes Ziel."
"Fernseher";"television";"We have two television sets.";"Wir haben zwei Fernseher."
"Ziel";"target";"She aimed at the target.";"Sie visierte das Ziel an."
"Rote";"red";"You ran a red light.";"Du hast eine rote Ampel überfahren."
"Ehemann";"husband";"He'll make a good husband.";"Er wird ein guter Ehemann sein."
"bewirten";"treat";"I'll treat you to sushi.";"Ich lade dich zum Sushiessen ein."
"Verlust";"loss";"The loss amounted to $2,000,000.";"Der Verlust belief sich auf zwei Million Dollar."
"Bus";"bus";"You'd better go by bus.";"Du solltest besser mit dem Bus fahren."
"Behandlung";"treatment";"He doesn't need such treatment.";"Er braucht solch eine Behandlung nicht."
"Konferenz";"conference";"The conference takes place annually.";"Die Konferenz findet jährlich statt."
"dich";"yourself";"Take good care of yourself.";"Pass gut auf dich auf."
"Dorf";"village";"She lives in the village.";"Sie lebt in dem Dorf."
"Wert";"worth";"Kyoto is worth visiting once.";"Kyoto ist einen Besuch wert."
"anzeigen";"indicate";"Smiles do not always indicate pleasure.";"Ein Lächeln bedeutet nicht immer Freude."
"Bruder";"brother";"Bring your brother with you.";"Bring deinen Bruder mit."
"Versprechen";"promise";"I rest on your promise.";"Ich vertraue deinem Versprechen."
"Energie";"energy";"What a waste of energy!";"Was für eine Energieverschwendung!"
"Verwandter";"relation";"He is my distant relation.";"Er ist ein entfernter Verwandter von mir."
"bewegen";"touch";"Keep in touch with me.";"Bleibe mit mir in Verbindung!"
"Datei";"file";"This file has been compressed.";"Diese Datei ist komprimiert worden."
"Block";"bar";"Tom is at the bar.";"Tom ist an der Bar."
"leiden";"suffer";"To live is to suffer.";"Leben heißt leiden."
"Strategie";"strategy";"Hope is not a strategy.";"Hoffnung ist keine Strategie."
"tief";"deep";"The pond is very deep.";"Das Becken ist sehr tief."
"widersprechen";"except";"All will go except you.";"Außer dir werden alle gehen."
"sauber";"clean";"Please clean the dirty floor.";"Bitte machen Sie den schmutzigen Fußboden sauber."
"füllen";"fill";"Fill it with regular, please.";"Bitte füllen Sie den Tank mit Normal."
"allgemein";"generally";"Generally speaking, savings are increasing.";"Allgemein gesagt steigen die Spareinlagen."
"Betrieb";"operation";"Do I need an operation?";"Muss ich operiert werden?"
"Spiel";"match";"Have you got a match?";"Hast du ein Streichholz?"
"meiden";"avoid";"Try to avoid bad company.";"Versuche, dich von schlechter Gesellschaft fernzuhalten."
"Sitz";"seat";"Go back to your seat.";"Setz dich wieder hin!"
"werfen";"throw";"Can you throw a fastball?";"Kannst du einen Fastball werfen?"
"Normale";"normal";"My taste is quite normal.";"Mein Geschmack ist ziemlich normal."
"Tor";"goal";"The forward kicked a goal.";"Der Stürmer schoss ein Tor."
"Möglichkeit";"option";"I always have that option.";"Die Möglichkeit steht mir immer offen."
"Kiste";"box";"I found the box empty.";"Ich habe die Kiste leer vorgefunden."
"Beispiel";"instance";"This is an instance of modern British life.";"Dies ist ein Beispiel für das moderne britische Leben."
"Viertel";"quarter";"It's a quarter past nine.";"Es ist Viertel nach neun."
"annehmen";"assume";"I assume it was unavoidable.";"Das war wohl unvermeidlich."
"Nesthäkchen";"baby";"He's sleeping like a baby.";"Er schläft wie ein kleines Kind."
"erfolgreich";"successful";"He is successful in everything.";"Er ist in allem erfolgreich."
"singen";"sing";"Let's sing some merry songs.";"Singen wir ein paar lustige Lieder!"
"Wettbewerb";"competition";"The competition has become fierce.";"Der Wettbewerb ist heftig geworden."
"Theorie";"theory";"The theory is generally accepted.";"Die Theorie wird allgemein akzeptiert."
"Erwachsener";"adult";"You are now an adult.";"Du bist jetzt ein erwachsener Mensch."
"Dokument";"document";"We checked the document again.";"Wir prüften das Dokument erneut."
"Muster";"pattern";"I can't detect any pattern.";"Ich kann kein Muster erkennen."
"Antrag";"application";"He turned down my application.";"Er lehnte meinen Antrag ab."
"heiß";"hot";"It is very hot today.";"Heute ist es sehr heiß."
"offensichtlich";"obviously";"Tom was obviously in pain.";"Offensichtlich hatte Tom Schmerzen."
"unklar";"unclear";"Their scope and shape is unclear.";"Ihr Rahmen und ihre Ausgestaltung sind unklar."
"Rechnung";"bill";"Give me the bill, please.";"Geben Sie mir bitte die Rechnung."
"trennen";"separate";"No one can separate them.";"Niemand kann sie trennen."
"Karriere";"career";"His political career has ended.";"Seine politische Karriere ist beendet."
"trotzdem";"anyway";"What time is it, anyway?";"Nebenbei, wie viel Uhr haben wir jetzt?"
"Sprache";"speech";"Astonishment deprived me of speech.";"Die Verblüffung verschlug mir die Sprache."
"Hund";"dog";"What's become of your dog?";"Was geschah mit deinem Hund?"
"Funktionär";"officer";"He is an army officer.";"Er ist Armeeoffizier."
"Öl";"oil";"We've run short of oil.";"Wir haben einen Mangel an Öl."
"Gewinn";"profit";"We shared the profit equally.";"Wir teilten den Gewinn gleichmäßig auf."
"vermuten";"guess";"I guess you are right.";"Ich vermute, dass ihr Recht habt."
"schützen";"protect";"First, you must protect yourself.";"Zuerst musst du dich selbst schützen."
"Wissenschaft";"science";"I do not like science.";"Ich mag keine Wissenschaft."
"Krankheit";"disease";"How does this disease spread?";"Wie breitet sich diese Krankheit aus?"
"Basis";"basis";"Every vector space has a basis.";"Jeder Vektorraum hat eine Basis."
"Autor";"author";"Who is your favorite author?";"Wer ist dein Lieblingsautor?"
"ermutigen";"encourage";"Encourage him to do it.";"Ermutige ihn, es zu tun!"
"Haar";"hair";"Your hair is too long.";"Dein Haar ist zu lang."
"bedienen";"operate";"Tom can operate a forklift.";"Tom kann einen Gabelstapler bedienen."
"spiegeln";"reflect";"Your declarations reflect your intolerance.";"Ihre Aussagen spiegeln Ihre Intoleranz."
"Übung";"exercise";"Exercise makes your body strong.";"Übung stärkt den Körper."
"Restaurant";"restaurant";"When does the restaurant open?";"Wann öffnet das Restaurant?"
"Einkommen";"income";"Taxation is based on income.";"Der Steuersatz basiert auf dem Einkommen."
"Eigentum";"property";"This land is my property.";"Dieses Grundstück gehört mir."
"dunkel";"dark";"The sky was completely dark.";"Der Himmel war vollkommen dunkel."
"vorstellen";"imagine";"I can't imagine that's true.";"Ich kann mir nicht vorstellen, dass das wahr ist."
"Tochter";"daughter";"The Joneses love their daughter.";"Herr und Frau Jones lieben ihre Tochter."
"definieren";"define";"How would you define ""happiness""?";"Wie würdest du „Glück“ definieren?"
"Schluss";"conclusion";"Has any conclusion been reached?";"Ist man schon zu einem Schluss gekommen?"
"Uhr";"clock";"Molly has a large clock.";"Molly hat eine große Uhr."
"jeder";"everybody";"Everybody loved the simple scholar.";"Jeder liebte den einfachen Gelehrten."
"Wochenende";"weekend";"She got sick this weekend.";"Sie ist an diesem Wochenende krank geworden."
"Profi";"professional";"Do you have professional experience?";"Haben Sie Berufserfahrung?"
"debattieren";"debate";"He participated in the debate.";"Er nahm an der Debatte teil."
"Grün";"green";"The hill is always green.";"Der Hügel ist immer grün."
"Lied";"song";"Let us sing a song.";"Lasst uns ein Lied singen!"
"Gegenstand";"object";"Can you describe the object?";"Können Sie den Gegenstand beschreiben?"
"Nachmittag";"afternoon";"Ken is busy this afternoon.";"Ken hat heute Nachmittag zu tun."
"vorziehen";"prefer";"I prefer coffee to tea.";"Mir ist Kaffee lieber als Tee."
"Möglichkeit";"possibility";"But the possibility seems unlikely.";"Aber die Möglichkeit scheint unwahrscheinlich."
"Richtung";"direction";"Which direction did he go?";"In welche Richtung ist er gegangen?"
"Anlage";"facility";"This is a great facility.";"Das ist eine großartige Anlage."
"Kleider";"clothes";"Wear what clothes you please.";"Zieh die Kleider an, die du magst."
"tanzen";"dance";"May I have this dance?";"Darf ich um diesen Tanz bitten?"
"originell";"original";"His designs are highly original.";"Seine Entwürfe sind äußerst originell."
"Schwester";"sister";"How pretty your sister is!";"Wie hübsch deine Schwester ist!"
"Fels";"rock";"It was hard as rock.";"Das war hart wie Stein."
"Traum";"dream";"Mayuko dreamed a strange dream.";"Mayuko träumte einen seltsamen Traum."
"Universität";"university";"When was this university founded?";"Wann wurde diese Universität gegründet?"
"leicht";"easily";"Mary loses her temper easily.";"Maria verliert leicht die Beherrschung."
"Dollar";"dollar";"I was fined a dollar.";"Ich musste einen Dollar Strafe zahlen."
"Garten";"garden";"Every house had a garden.";"Alle Häuser hatten einen Garten."
"machen";"fix";"I'll fix you some coffee.";"Ich mache dir einen Kaffee."
"vorn";"ahead";"Go ahead with your story.";"Fahre mit deiner Geschichte fort!"
"ja";"yeah";"Yeah. I think so, too.";"Ja, denk ich auch."
"Gewicht";"weight";"Salt is sold by weight.";"Salz wird nach Gewicht verkauft."
"legal";"legal";"Your conduct is perfectly legal.";"Dein Verhalten ist komplett legal."
"jemand";"somebody";"Somebody took away my bag.";"Jemand hat meine Tasche weggenommen."
"Form";"shape";"Pull into shape after washing.";"Nach der Wäsche in Form bringen."
"sofort";"immediately";"We must help him immediately.";"Wir müssen ihm helfen, und zwar sofort."
"willkommen";"welcome";"I received a warm welcome.";"Ich wurde herzlich willkommen geheißen."
"Lächeln";"smile";"Face life with a smile!";"Stell dich dem Leben lächelnd!"
"Kommunikation";"communication";"Good communication makes good friends.";"Gute Kommunikation macht gute Freunde."
"Agent";"agent";"She is an estate agent.";"Sie ist Immobilienmaklerin."
"ersetzen";"replace";"I'd like to replace it.";"Ich würde es gerne ersetzen."
"plötzlich";"suddenly";"Suddenly, he changed the subject.";"Plötzlich wechselte er das Thema."
"Generation";"generation";"I don't understand your generation.";"Ich verstehe deine Generation nicht."
"Schwierigkeit";"difficulty";"One difficulty after another arose.";"Es kam zu einer Schwierigkeit nach der anderen."
"Einkauf";"purchase";"Thank you for your purchase!";"Vielen Dank für Ihren Einkauf!"
"bekanntgeben";"announce";"They'll announce the winner tomorrow.";"Morgen werden sie den Gewinner bekanntgeben."
"unabhängig";"independent";"Kenya became independent in 1963.";"Kenia wurde 1963 unabhängig."
"empfehlen";"recommend";"I can recommend this restaurant.";"Ich kann dieses Restaurant empfehlen."
"Umfrage";"survey";"A survey shows that many businessmen skip lunch.";"Eine Umfrage hat ergeben, dass viele Geschäftsleute das Mittagessen auslassen."
"Mehrheit";"majority";"Protestants were in the majority.";"Die Protestanten waren in der Überzahl."
"Wind";"wind";"The wind blew in gusts.";"Der Wind wehte in Böen."
"Austausch";"exchange";"What is the exchange rate?";"Wie ist der Wechselkurs?"
"Budget";"budget";"The budget must be balanced.";"Das Budget muss ausgeglichen sein."
"Blut";"blood";"Blood ran from his wound.";"Blut floss aus seiner Wunde."
"Block";"block";"They live in our block.";"Sie wohnen im gleichen Block wie wir."
"zählen";"count";"I count on your help.";"Ich zähle auf deine Hilfe."
"Szene";"scene";"That was a fearful scene.";"Es war ein schrecklicher Anblick."
"Schriftsteller";"writer";"He is a good writer.";"Er schreibt gut."
"zufrieden";"content";"I'm content with my salary.";"Ich bin mit meinem Gehalt zufrieden."
"sicher";"safe";"I am playing it safe.";"Ich gehe auf Nummer sicher."
"einladen";"invite";"I wonder who to invite.";"Ich frage mich, wen ich einladen soll."
"mischen";"mix";"Oil and water don't mix.";"Öl und Wasser mischen sich nicht."
"Element";"element";"Magnesium is a chemical element.";"Magnesium ist ein chemisches Element."
"effektiv";"effective";"How effective is this method?";"Wie effektiv ist diese Methode?"
"korrekt";"correct";"This sentence is grammatically correct.";"Dieser Satz ist grammatikalisch korrekt."
"medizinisch";"medical";"Do you have medical insurance?";"Haben Sie eine Krankenversicherung?"
"Telefon";"telephone";"You need not telephone me.";"Du brauchst mich nicht anzurufen."
"Komitee";"committee";"Are you on the committee?";"Sind Sie im Komitee?"
"bewusst";"aware";"I'm aware you've already finished.";"Ich bin mir bewusst, dass du bereits fertig bist."
"Rat";"advice";"You've given me good advice.";"Du hast mir einen guten Rat erteilt."
"Glas";"glass";"I found the glass empty.";"Ich habe das Glas leer vorgefunden."
"Stress";"stress";"How do you handle stress?";"Wie gehst du mit Stress um?"
"Radio";"radio";"I'm listening to the radio.";"Ich höre Radio."
"kompliziert";"complex";"He has an inferiority complex.";"Er hat einen Minderwertigkeitskomplex."
"Text";"text";"The text is too long.";"Der Text ist zu lang."
"Kontext";"context";"It depends on the context.";"Das hängt vom Kontext ab."
"reiten";"ride";"Can you ride a horse?";"Kannst du reiten?"
"direkt";"directly";"I could ask him directly.";"Ich könnte ihn direkt fragen."
"Titel";"title";"He got a shameful title.";"Er bekam einen unehrenhaften Titel."
"zusätzlich";"extra";"They have an extra bed.";"Es gibt ein Gästebett."
"Stuhl";"chair";"It is under the chair.";"Es ist unter dem Stuhl."
"teuer";"expensive";"These shoes are too expensive.";"Diese Schuhe sind zu teuer."
"Muster";"sample";"This is a free sample.";"Das ist ein freies Muster."
"liefern";"deliver";"Do you deliver on Sundays?";"Liefert ihr sonntags?"
"Wetter";"weather";"The sky promises fair weather.";"Der Himmel verspricht schönes Wetter."
"sammeln";"collect";"I love to collect stamps.";"Ich liebe es, Briefmarken zu sammeln."
"Prinzip";"principle";"In principle, I'm with you.";"Im Prinzip bin ich mit Ihnen einverstanden."
"Berufung";"appeal";"Tom will appeal the ruling.";"Tom wird gegen das Urteil Berufung einlegen."
"Vertrauen";"trust";"I don't necessarily trust translations.";"Ich vertraue Übersetzungen nicht unbedingt."
"glatt";"flat";"I have a flat tire.";"Ich habe einen Platten."
"Bauernhof";"farm";"This is Uncle Tom's farm.";"Das hier ist Onkel Toms Bauernhof."
"Sammlung";"collection";"The summer collection has arrived.";"Die Sommerkollektion ist da."
"Band";"band";"I play in a band.";"Ich spiele in einer Band."
"alternativ";"alternative";"This is the only alternative.";"Das ist die einzige Alternative."
"Software";"software";"They deal in software products.";"Sie handeln mit Software."
"Paar";"pair";"They make an odd pair.";"Die sind schon ein seltsames Paar."
"Schiff";"ship";"Rats leave a sinking ship.";"Die Ratten verlassen das sinkende Schiff."
"Einstellung";"attitude";"My attitude towards him changed.";"Meine Einstellung ihm gegenüber hat sich geändert."
"doppel-";"double";"I'd like a double room.";"Ich möchte ein Doppelzimmer."
"Bein";"leg";"I broke my right leg.";"Ich habe mir das rechte Bein gebrochen."
"Satz";"sentence";"Put this sentence into English.";"Übersetzt diesen Satz ins Englische."
"ausdrucken";"print";"Can you print it out?";"Können Sie es ausdrucken?"
"Fortschritt";"progress";"The student's progress is satisfactory.";"Der Fortschritt des Schülers ist zufriedenstellend."
"Wahrheit";"truth";"Please tell me the truth.";"Bitte sag mir die Wahrheit."
"Niemand";"nobody";"Nobody can foresee what'll happen.";"Niemand kann voraussehen, was geschehen wird."
"untersuchen";"examine";"I have to examine you.";"Ich muss Sie untersuchen."
"legen";"lay";"He lay on the bed.";"Er lag auf dem Bett."
"Politik";"politics";"Are you concerned with politics?";"Interessierst du dich für Politik?"
"antworten";"reply";"He made a rude reply.";"Er gab eine unhöfliche Antwort."
"Display";"display";"My camera's display is defective.";"Das Display meines Fotoapparats ist defekt."
"Benutzer";"user";"Hello! I'm a new user.";"Hallo! Ich bin ein neuer Benutzer."
"langsam";"slow";"He is slow of understanding.";"Er ist schwer von Begriff."
"normal";"regular";"Fill it with regular, please.";"Bitte füllen Sie den Tank mit Normal."
"physisch";"physical";"I had a physical checkup.";"Ich wurde medizinisch untersucht."
"getrennt";"apart";"He stood apart from us.";"Er stand abseits von uns."
"Kriminalität";"crime";"Crime is on the increase.";"Die Kriminalität steigt."
"Abnahme";"decline";"His health continued to decline.";"Seine Gesundheit verschlimmerte sich immer mehr."
"Jahrzehnt";"decade";"That was over a decade ago.";"Das war vor über einem Jahrzehnt."
"warnen";"warn";"We have to warn him.";"Wir müssen ihn warnen."
"Gefallen";"favor";"I did you a favor.";"Ich habe dir einen Gefallen getan."
"Gesellschafter";"partner";"Who is your dance partner?";"Wer ist dein Tanzpartner?"
"Schärfe";"heat";"Could you heat this dish?";"Könnten Sie dieses Gericht aufwärmen?"
"Führer";"guide";"He acted as our guide.";"Er spielte unseren Führer."
"Taxi";"taxi";"Tom found me a taxi.";"Tom suchte mir ein Taxi."
"ernähren";"feed";"Pandas feed on bamboo grass.";"Pandas ernähren sich mit Bambusblättern."
"fehlen";"mistake";"Anybody can make a mistake.";"Jedem kann ein Fehler passieren."
"Chef";"chief";"The problem tortured the chief.";"Das Problem quälte den Chef."
"kühl";"cool";"The soup is not cool.";"Die Suppe ist nicht erkaltet."
"Oberfläche";"surface";"This table's surface is smooth.";"Dieser Tisch hat eine glatte Oberfläche."
"Bibliothek";"library";"The library has many books.";"In dieser Bibliothek gibt es viele Bücher."
"Rand";"edge";"Don't go near the edge.";"Gehen Sie nicht zu nahe an den Rand."
"Publikum";"audience";"The audience applauded the actress.";"Das Publikum applaudierte der Schauspielerin."
"Verfahren";"procedure";"I explained the procedure to him.";"Ich erklärte ihm die Verfahren."
"E-Mail";"email";"Can I email from here?";"Kann ich eine E-Mail von hier verschicken?"
"werben";"advertise";"We need to advertise on television.";"Wir müssen im Fernsehen werben."
"Fluss";"river";"The river has dried up.";"Der Fluss ist ausgetrocknet."
"Gegensatz";"contrast";"She seemed happy in contrast to the man.";"Im Gegensatz zu dem Mann schien sie glücklich zu sein."
"Realität";"reality";"It's time you faced reality.";"Es ist an der Zeit, dass du der Realität ins Auge siehst."
"Foto";"photograph";"Let's get our photograph taken.";"Lasst uns ein Foto machen."
"Künstler";"artist";"Picasso is a famous artist.";"Picasso ist ein berühmter Künstler."
"Anwesenheit";"presence";"She gave us a presence.";"Sie gab uns eine Gegenwart."
"Ecke";"corner";"Turn left at the corner.";"Geh an der Ecke nach links."
"Kategorie";"category";"They don't belong under that category.";"Sie fallen nicht unter diese Kategorie."
"Sekretärin";"secretary";"I made Ann my secretary.";"Ich machte Ann zu meiner Sekretärin."
"Skala";"scale";"The pH scale is logarithmic.";"Die pH-Skala ist logarithmisch."
"Fahrer";"driver";"He is a bus driver.";"Er ist Busfahrer."
"weinen";"cry";"Tomoko almost started to cry.";"Tomoko hätte fast angefangen zu weinen."
"Vorstellung";"introduction";"Our guest needs no introduction.";"Unser Gast bedarf keiner Vorstellung."
"bestätigen";"confirm";"Confirm your reservation in advance.";"Bestätigen Sie Ihre Reservierung im Voraus."
"älter";"senior";"John is senior to Robert.";"Johannes ist älter als Robert."
"Landkarte";"map";"This is a road map.";"Das ist eine Straßenkarte."
"Konzept";"concept";"Existence is a meaningless concept.";"Die Existenz ist ein unwichtiges Konzept."
"Insel";"island";"The island abounds with rivers.";"Es gibt zahlreiche Flüsse auf der Insel."
"weder";"neither";"I neither drink nor smoke.";"Weder trinke ich, noch rauche ich."
"Fußball";"football";"Football is an old game.";"Fußball ist ein altes Spiel."
"überleben";"survive";"Not many survive this disease.";"Diese Krankheit überleben viele nicht."
"Flug";"flight";"The Germans took to flight.";"Die Deutschen ergriffen die Flucht."
"lösen";"solve";"Could you solve the problem?";"Konntest du das Problem lösen?"
"Hintergrund";"background";"That shows his theoretical background.";"Das zeigt seinen theoretischen Hintergrund."
"Werkzeug";"tool";"He handled the tool skillfully.";"Er handhabte das Werkzeug gekonnt."
"Rauch";"smoke";"I forbid you to smoke.";"Ich verbiete dir zu rauchen."
"besetzt";"busy";"The line is busy again.";"Es ist wieder besetzt."
"beitragen";"contribute";"Everyone is free to contribute.";"Jeder darf etwas beitragen."
"Berg";"mountain";"How high is the mountain?";"Wie hoch ist der Berg?"
"Exkrement";"waste";"What a waste of water!";"Was für eine Wasserverschwendung!"
"verstecken";"hide";"Let's hide behind the curtain.";"Komm, wir verstecken uns hinterm Vorhang."
"Ticket";"ticket";"I don't have a ticket.";"Ich habe kein Ticket."
"Essen";"meal";"The meal satisfied his hunger.";"Das Essen stillte seinen Hunger."
"Kollege";"colleague";"This is Tom, my colleague.";"Das ist Tom, mein Kollege."
"wiederholen";"repeat";"Could you please repeat that?";"Könnten Sie das bitte wiederholen?"
"gleich";"equal";"All people were created equal.";"Alle Menschen wurden gleich geschaffen."
"Redewendung";"expression";"This is a set expression.";"Das ist eine feststehende Redewendung."
"plus";"plus";"Two plus two makes four.";"Zwei plus zwei macht vier."
"äußerst";"extremely";"This area is extremely isolated.";"Dieses Gebiet ist äußerst abgelegen."
"Dame";"lady";"The lady is over eighty.";"Die Dame ist über achtzig."
"Pflicht";"duty";"You must perform your duty.";"Du musst deine Pflicht tun."
"verbinden";"connect";"Connect the two cables together.";"Verbinde die beiden Kabel miteinander."
"kulturell";"cultural";"It is a cultural mechanism.";"Es ist ein kultureller Mechanismus."
"leider";"unfortunately";"Unfortunately he refused to come.";"Er weigerte sich leider zu kommen."
"Beitrag";"contribution";"He made a substantial contribution to economics.";"Er hat einen beträchtlichen Beitrag zur Wirtschaftswissenschaft geleistet."
"Geheimnis";"secret";"Can you keep a secret?";"Könnt ihr ein Geheimnis bewahren?"
"offensichtlich";"apparently";"He is not coming, apparently.";"Er kommt wohl nicht."
"Trend";"trend";"The trend is your friend.";"Der Trend ist dein Freund."
"Freude";"pleasure";"Music affords us much pleasure.";"Musik bereitet uns viel Freude."
"Vorschlag";"suggestion";"I'm all for your suggestion.";"Ich unterstütze Ihren Vorschlag voll und ganz."
"kritisch";"critical";"Do not be so critical.";"Sei nicht so kritisch."
"sammeln";"gather";"You must gather further information.";"Du musst mehr Informationen sammeln."
"unverzichtbar";"essential";"Water is essential to life.";"Wasser ist für das Leben unverzichtbar."
"fördern";"promote";"The government should promote common welfare.";"Die Regierung sollte das Gemeinwohl fördern."
"momentan";"currently";"Tom isn't currently in prison.";"Tom ist momentan nicht im Gefängnis."
"einstellen";"employ";"The company wants to employ 20 people.";"Das Unternehmen will 20 Leute einstellen."
"Weg";"path";"Show us the straight path.";"Zeigen Sie uns den direkten Weg."
"Thema";"topic";"The topic is worth discussing.";"Das Thema ist eine Diskussion wert."
"stranden";"beach";"Which way is the beach?";"Wo geht es zum Strand hin?"
"Blume";"flower";"We must water the flower.";"Wir müssen die Blume gießen."
"Krise";"crisis";"Can the crisis be overcome?";"Ist die Krise zu überwinden?"
"Boot";"boat";"The boat was frozen in.";"Das Boot war eingefroren."
"Fächer";"fan";"This is a Chinese fan.";"Er ist ein chinesischer Fan."
"zweimal";"twice";"I'd think twice about this.";"Ich würde mir das zweimal überlegen."
"Verspätung";"delay";"That accounts for her delay.";"Das erklärt ihre Verspätung."
"Sicherheit";"safety";"In all matters, safety first!";"In allen Dingen geht Sicherheit vor."
"Versicherung";"insurance";"Do you have medical insurance?";"Haben Sie eine Krankenversicherung?"
"teilen";"divide";"Divide it among the three.";"Teil es unter den Dreien auf!"
"Länge";"length";"Can you measure the length?";"Können Sie die Länge messen?"
"Untersuchung";"investigation";"The investigation is under way.";"Die Untersuchung ist im Gang."
"Paket";"package";"The package was delivered yesterday.";"Das Paket wurde gestern zugestellt."
"irgendwo";"somewhere";"I remember seeing her somewhere.";"Ich erinnere mich, sie irgendwo gesehen zu haben."
"expandieren";"expand";"Can you expand on that?";"Könntest du dich genauer darüber auslassen?"
"anvertrauen";"commit";"Commit this poem to memory.";"Lerne dieses Gedicht auswendig."
"springen";"jump";"How high can you jump?";"Wie hoch können Sie springen?"
"relativ";"relatively";"Pomegranate seeds are relatively big.";"Granatapfelkerne sind relativ groß."
"Gastgeber";"host";"Who will host the party?";"Wer gibt die Feier?"
"Winter";"winter";"Winter is my favorite season.";"Der Winter ist meine Lieblingsjahreszeit."
"Mittagessen";"lunch";"I make lunch every day.";"Ich mache jeden Tag das Mittagessen."
"tatsächlich";"actual";"That is an actual fact.";"Das ist eine konkrete Tatsache."
"Kampf";"battle";"We will win the battle.";"Wir werden den Kampf gewinnen."
"Tradition";"tradition";"That old tradition has disappeared.";"Diese alte Tradition ist verschwunden."
"Bargeld";"cash";"He paid me cash down.";"Er hat bar bezahlt."
"kaum";"hardly";"I can hardly hear you.";"Ich höre dich kaum."
"Preis";"award";"Tom never got an award.";"Tom hat nie einen Preis bekommen."
"Experiment";"experiment";"The experiment confirmed his theory.";"Das Experiment bestätigte seine Theorie."
"Vergütung";"consideration";"I'll take that into consideration.";"Ich werde es in Betracht ziehen."
"seltsam";"strange";"It's strange you say that.";"Es ist seltsam, dass du das sagst."
"Kodex";"code";"Is there a dress code?";"Gibt es einen Dresscode?"
"Drohung";"threat";"This is not a threat.";"Das ist keine Drohung."
"Unfall";"accident";"I met her by accident.";"Ich habe sie zufällig getroffen."
"aktiv";"active";"That student is very active.";"Der Student ist sehr aktiv."
"Krebs";"cancer";"The man died of cancer.";"Der Mann starb an Krebs."
"Sonne";"sun";"The clouds hid the sun.";"Die Wolken verdeckten die Sonne."
"gesund";"healthy";"I was a healthy child.";"Ich war ein gesundes Kind."
"pusten";"blow";"Don't blow in a beehive.";"Puste nicht in einen Bienenstock."
"Lautstärke";"volume";"Turn down the volume, please.";"Drehe bitte die Lautstärke herunter!"
"Ortsbestimmung";"location";"This location is in Switzerland.";"Dieser Standort ist in der Schweiz."
"investieren";"invest";"Foreigners don't want to invest in Algeria.";"Ausländer wollen nicht in Algerien investieren."
"waschen";"wash";"Cut, wash and dry, please.";"Schneiden, waschen und föhnen bitte."
"Schauspieler";"actor";"The actor missed a line.";"Der Schauspieler ließ etwas von seinem Text aus."
"froh";"glad";"I'm glad you liked it.";"Freut mich, dass es dir gefallen hat."
"Band";"tape";"Record the broadcast on tape.";"Nimm die Sendung auf Band auf."
"während";"whereas";"Salamanders are amphibians, whereas geckos are reptiles.";"Salamander sind Amphibien, während Geckos Reptilien sind."
"Stein";"stone";"Help me move this stone.";"Hilf mir, diesen Stein zu versetzen."
"Mord";"murder";"You are guilty of murder.";"Du bist des Mordes schuldig."
"Soldat";"soldier";"The soldier gave his name.";"Der Soldat gab seinen Namen an."
"hassen";"hate";"Most writers hate being criticized.";"Die meisten Schriftsteller hassen es, kritisiert zu werden."
"Ei";"egg";"It looks like an egg.";"Das sieht wie ein Ei aus."
"Konzert";"concert";"The concert was well attended.";"Das Konzert war gut besucht."
"Schock";"shock";"Betty got over the shock.";"Betty kam über den Schock hinweg."
"bequem";"comfortable";"This chair is very comfortable.";"Dieser Stuhl ist sehr bequem."
"Pack";"pack";"Pack them in the box.";"Pack sie in die Kiste."
"Kamera";"camera";"I'll give you this camera.";"Ich werde dir diese Kamera geben."
"schwimmen";"swim";"You can swim, can't you?";"Du kannst doch schwimmen, oder?"
"Theater";"theater";"We're going to the theater.";"Wir gehen ins Theater."
"Kaffee";"coffee";"We import coffee from Brazil.";"Wir importieren Kaffee aus Brasilien."
"Museum";"museum";"We went to the museum.";"Wir sind ins Museum gegangen."
"Gast";"visitor";"The visitor sat across from me.";"Der Gast saß mir gegenüber."
"Freiheit";"freedom";"They are struggling for freedom.";"Sie kämpfen für Freiheit."
"Bau";"construction";"The bridge is under construction.";"Die Brücke wird gerade gebaut."
"Lieber";"dear";"Don't confuse ""dare"" and ""dear"".";"Verwechsle nicht ""dare"" und ""dear""."
"auf";"onto";"Put it onto the table.";"Leg's auf den Tisch."
"ablehnen";"oppose";"Does anyone oppose the new plan?";"Ist jemand gegen den neuen Plan?"
"Fahrzeug";"vehicle";"Where was the vehicle damaged?";"Wo ist das Fahrzeug beschädigt worden?"
"Wissenschaftler";"scientist";"He is a great scientist.";"Er ist ein großartiger Wissenschaftler."
"Route";"route";"Can I change the route?";"Kann ich die Route ändern?"
"gehören";"belong";"These boots belong to her.";"Diese Stiefel gehören ihr."
"Geschmack";"taste";"Each has his own taste.";"Jeder hat seinen Geschmack."
"heute Abend";"tonight";"Tonight we're going to church.";"Heute Abend gehen wir in die Kirche."
"Mode";"fashion";"Long skirts are in fashion.";"Lange Röcke sind in Mode."
"Gefahr";"danger";"We are free from danger.";"Wir sind außer Gefahr."
"verringern";"decrease";"That custom is on the decrease.";"Dieser Brauch geht zurück."
"Redakteur";"editor";"Your editor will be excited.";"Ihr Redakteur wird begeistert sein."
"normalerweise";"normally";"I eat breakfast here normally.";"Normalerweise frühstücke ich hier."
"Sehenswürdigkeit";"sight";"The hotel was in sight.";"Das Hotel war in Sichtweite."
"Geschenk";"gift";"I cannot accept your gift.";"Ich kann dein Geschenk nicht annehmen."
"Geburt";"delivery";"She had an easy delivery.";"Sie hatte eine einfache Geburt."
"bestreiten";"deny";"No one could deny this.";"Niemand konnte das bestreiten."
"Gast";"guest";"The maid announced each guest.";"Das Dienstmädchen kündigte jeden Gast einzeln an."
"Schlafzimmer";"bedroom";"My bedroom is just above.";"Mein Schlafzimmer befindet sich gleich oben."
"klettern";"climb";"Can you climb the tree?";"Kannst du auf den Baum klettern?"
"im Prinzip";"basically";"It's basically the same thing.";"Das ist eigentlich das Gleiche."
"Gewalt";"violence";"The situation resulted in violence.";"Die Situation artete in Gewalt aus."
"Minister";"minister";"The minister had to resign.";"Der Minister musste zurücktreten."
"hauptsächlich";"mainly";"They mainly live on milk.";"Sie leben hauptsächlich von Milch."
"Mund";"mouth";"The baby opened his mouth.";"Das Baby öffnete seinen Mund."
"Lärm";"noise";"Boys, don't make any noise.";"Jungs, macht keinen Lärm!"
"Weise";"manner";"Do it in this manner.";"Mach es auf diese Weise!"
"Pistole";"gun";"He laid down the gun.";"Er legte die Pistole nieder."
"Anlass";"occasion";"This is a special occasion.";"Dies ist ein besonderer Anlass."
"bekannt";"familiar";"He is familiar with computers.";"Er kennt sich mit Computern aus."
"ignorieren";"ignore";"He dared ignore my advice.";"Er wagte es, meinen Rat zu ignorieren."
"vernichten";"destroy";"We must destroy the evidence.";"Wir müssen das Beweismaterial vernichten."
"Angelegenheit";"affair";"It was a strange affair.";"Es war eine seltsame Angelegenheit."
"Staatsbürger";"citizen";"Are you a Japanese citizen?";"Sind Sie japanischer Staatsbürger?"
"Fieber";"temperature";"You don't have a temperature.";"Du hast kein Fieber."
"Goldmünze";"gold";"There is a gold coin.";"Da ist eine Goldmünze."
"Glauben";"belief";"He has a firm belief.";"Er hat einen festen Glauben."
"erinnern";"remind";"You remind me of someone.";"Du erinnerst mich an jemanden."
"Gefängnis";"prison";"The prisoner escaped from prison.";"Der Gefangene ist aus dem Gefängnis geflohen."
"Schalter";"switch";"Let me fix the switch.";"Lass mich den Schalter reparieren."
"Holz";"wood";"Mr Wood had no sons.";"Herr Wood hatte keine Söhne."
"zerreißen";"tear";"Your tears tear my heart!";"Deine Tränen zerreißen mein Herz!"
"repräsentativ";"representative";"We appointed him as our representative.";"Wir ernannten ihn zu unserem Vertreter."
"Begutachtung";"assessment";"He stands by his assessment.";"Er bleibt bei seiner Einschätzung."
"Gebühr";"fee";"The fee was put up.";"Die Gebühr wurde höher."
"Halle";"hall";"This hall holds 2,000 people.";"Diese Halle fasst 2.000 Personen."
"ausweichen";"escape";"We had a narrow escape.";"Wir sind nur mit Mühe und Not entkommen."
"Studio";"studio";"We cannot go into the studio.";"Wir können nicht ins Studio gehen."
"entspannen";"relax";"You'd better relax a bit.";"Du solltest dich lieber etwas entspannen."
"Tourist";"tourist";"I have a tourist visa.";"Ich habe ein Touristenvisum."
"sich leisten";"afford";"I can't afford a car.";"Ich kann mir kein Auto leisten."
"Anwalt";"lawyer";"He is a capable lawyer.";"Er ist ein fähiger Anwalt."
"Tasse";"cup";"The cup has a crack.";"Die Tasse hat einen Sprung."
"Selbstvertrauen";"confidence";"Tom lacks confidence in himself.";"Es fehlt Tom an Selbstvertrauen."
"industriell";"industrial";"Japan is an industrial nation.";"Japan ist ein Industrieland."
"sich beschweren";"complain";"They do nothing but complain.";"Sie tun nichts anderes als sich zu beschweren."
"Perspektive";"perspective";"Considered from this perspective, it makes no difference.";"Aus dieser Perspektive betrachtet, macht das keinen Unterschied."
"Fehler";"error";"Everybody laughed at his error.";"Sie machten sich alle über seinen Fehler lustig."
"einschätzen";"assess";"You must assess the situation and act accordingly.";"Du mußt die Situation einschätzen und entsprechend handeln."
"fingern";"finger";"My little finger is swollen.";"Mein kleiner Finger ist geschwollen."
"Führung";"leadership";"He took the leadership of the party.";"Er übernahm die Führung der Partei."
"Engagement";"commitment";"You want commitment, don't you?";"Sie wollen Engagement, nicht wahr?"
"unbedingt";"necessarily";"I don't necessarily trust translations.";"Ich vertraue Übersetzungen nicht unbedingt."
"brilliant";"bright";"You have a bright future.";"Du hast eine glänzende Zukunft."
"einrahmen";"frame";"Can you frame this picture?";"Können Sie das Bild einrahmen?"
"langsam";"slowly";"He slowly finished the race.";"Langsam beendete er das Rennen."
"Loch";"hole";"There's a hole in this.";"Das hat ein Loch."
"Literatur";"literature";"He majors in English literature.";"Er studiert englische Literatur als Hauptfach."
"Opfer";"victim";"Stop acting like a victim.";"Hör auf, dich wie ein Opfer aufzuführen."
"Division";"division";"A major had to take command of the division.";"Ein Major musste das Kommando über die Division übernehmen."
"sicher";"secure";"I feel secure with him.";"Ich fühle mich mit ihm sicher."
"Apparat";"device";"This is an old device.";"Das ist ein alter Apparat."
"Wald";"forest";"Silence reigned in the forest.";"Im Wald herrschte Stille."
"Etikett";"label";"Read what's on the label.";"Lies, was auf dem Etikett steht!"
"Fabrik";"factory";"This factory manufactures automobile parts.";"Diese Fabrik stellt Automobilteile her."
"Ausgabe";"expense";"The expense is chargeable on him.";"Die Ausgabe ist ihm in Rechnung zu stellen."
"Kanal";"channel";"Can I change the channel?";"Kann ich den Kanal wechseln?"
"untersuchen";"investigate";"Investigate the cause of it.";"Forschen Sie nach der Ursache!"
"Empfehlung";"recommendation";"That was a good recommendation.";"Das war eine gute Empfehlung."
"gewöhnlich";"typical";"He is a typical Japanese.";"Er ist ein typischer Japaner."
"freundlich";"friendly";"He seems to be friendly.";"Er scheint freundlich zu sein."
"Anwohner";"resident";"Our resident squirrel eats all our camellias.";"Die hier lebenden Eichhörnchen fressen unsere ganzen Kamelien weg."
"konzentrieren";"concentrate";"We must concentrate on that.";"Darauf müssen wir uns konzentrieren."
"Fülle";"plenty";"You had plenty of time.";"Du hattest eine Menge Zeit."
"völlig";"entirely";"It's entirely up to you.";"Das hängt völlig von dir ab."
"stark";"strongly";"She strongly resembles her grandmother.";"Sie ähnelt stark ihrer Großmutter."
"Brücke";"bridge";"The bridge is being repainted.";"Die Brücke wird gerade neu angestrichen."
"moralisch";"moral";"It is a moral question.";"Das ist eine Frage der Moral."
"Kombination";"combination";"Tom forgot the safe's combination.";"Tom hat die Kombination des Tresors vergessen."
"hauptsächlich";"principal";"He must be the principal.";"Er muss der Rektor sein."
"definitiv";"definitely";"I definitely told you that!";"Das habe ich dir doch gesagt!"
"Sitzung";"session";"Parliament is now in session.";"Das Parlament hat jetzt eine Sitzung."
"Klasse";"grade";"What grade are you in?";"In welcher Klasse bist du?"
"trotzdem";"nevertheless";"He will certainly come, nevertheless.";"Er kommt bestimmt trotzdem."
"vorher";"previously";"He arrived two days previously.";"Er ist zwei Tage vorher angekommen."
"Schutz";"protection";"This is for your protection.";"Das ist zu deinem Schutz."
"Miete";"rent";"The rent is due tomorrow.";"Die Miete ist morgen fällig."
"Erscheinen";"appearance";"His appearance animated the party.";"Sein Erscheinen brachte die Feier in Schwung."
"anständig";"reasonable";"You should be more reasonable.";"Du solltest vernünftiger sein."
"bis";"till";"Wait till the soup warms.";"Warte, bis die Suppe aufwärmt."
"Urteil";"judgment";"Do you trust my judgment?";"Traust du meinem Urteil?"
"seltsam";"odd";"My behavior was very odd.";"Mein Verhalten war sehr seltsam."
"billigen";"approve";"I approve of your plan.";"Ich billige Ihren Plan."
"Darlehen";"loan";"The loan carries 5.5% interest.";"Das Darlehen hat einen Zinssatz von 5,5%."
"Definition";"definition";"The dictionary definition is different.";"Die Definition im Wörterbuch lautet anders."
"wählen";"elect";"Germany's citizens elect the Federal Parliament.";"Die Bürger Deutschlands wählen den Bundestag."
"Atmosphäre";"atmosphere";"The moon has no atmosphere.";"Der Mond hat keine Atmosphäre."
"Bäuerin";"farmer";"My grandmother was a farmer.";"Meine Großmutter war eine Bäuerin."
"Vergleich";"comparison";"I don't like this comparison.";"Ich mag diesen Vergleich nicht."
"typisch";"characteristic";"It is characteristic of him.";"Das ist typisch für ihn."
"schmal";"narrow";"The street is very narrow.";"Die Straße ist sehr schmal."
"Identität";"identity";"He didn't reveal his identity.";"Er gab seine Identität nicht preis."
"Schreibtisch";"desk";"What is on the desk?";"Was liegt auf dem Schreibtisch?"
"erlauben";"permit";"Why do you permit it?";"Warum lässt du das zu?"
"ernsthaft";"seriously";"She might be seriously ill.";"Sie könnte ernsthaft krank sein."
"wild";"wild";"The roses sometimes grow wild.";"Manchmal wachsen Rosen wild."
"leer";"empty";"I found the box empty.";"Ich habe die Kiste leer vorgefunden."
"einzigartig";"unique";"This is a unique situation.";"Das ist eine einzigartige Situation."
"Instrument";"instrument";"Do you play an instrument?";"Spielen Sie irgendein Instrument?"
"praktisch";"practical";"It's practical to have a laptop.";"Es ist praktisch, einen Laptop zu haben."
"Tee";"tea";"I prefer coffee to tea.";"Mir ist Kaffee lieber als Tee."
"Treibstoff";"fuel";"Gasoline is used for fuel.";"Benzin wird als Treibstoff verwendet."
"Erwartung";"expectation";"His heart bounded with expectation.";"Sein Herz pochte voller Erwartung."
"Schulter";"shoulder";"She leaned against his shoulder.";"Sie lehnte sich an seine Schulter."
"Atmen";"breath";"I ran out of breath.";"Mir ging die Luft aus."
"Ahnung";"notion";"I had no notion that you were coming.";"Ich hatte keine Ahnung, dass ihr gekommen seid."
"Konservativer";"conservative";"We are a conservative people.";"Wir sind ein konservatives Volk."
"Reise";"journey";"Everyone was enjoying the journey.";"Jeder genoss die Reise."
"Schulden";"debt";"I owe him a debt.";"Ich habe Schulden bei ihm."
"Ergebnis";"outcome";"It was a modest outcome.";"Das Resultat war bescheiden."
"Schuld";"blame";"We are both to blame.";"Wir haben beide Schuld."
"Erklärung";"explanation";"His explanation was not satisfactory.";"Seine Erklärung war nicht befriedigend."
"Papa";"dad";"But Dad won't like it.";"Aber Papa wird es nicht gefallen."
"deklarieren";"declare";"I have nothing to declare.";"Ich habe nichts zu deklarieren."
"Karriere beenden";"retire";"I have decided to retire.";"Ich habe mich entschlossen, in den Ruhestand zu gehen."
"winzig";"tiny";"The buildings look so tiny.";"Die Gebäude sehen so winzig aus."
"sorgfältig";"careful";"You should be more careful.";"Du solltest noch vorsichtiger sein."
"geeignet";"suitable";"Suitable for vegetarians and vegans.";"Für Vegetarier und Veganer geeignet."
"gebürtig";"native";"Spanish is her native language.";"Spanisch ist ihre Muttersprache."
"analysieren";"analyze";"We have to analyze that.";"Wir müssen das analysieren."
"schrecklich";"terrible";"A terrible fate awaited him.";"Ihn erwartete ein schreckliches Schicksal."
"Forscher";"researcher";"The researcher falsified his results.";"Der Forscher verfälschte die Ergebnisse."
"Auswahl";"selection";"This shop has a much wider selection.";"Dieses Geschäft hat eine viel größere Auswahl."
"irgendwo";"anywhere";"Just put those packages anywhere.";"Stellen Sie die Pakete einfach irgendwo hin."
"Trugbild";"vision";"The prophet had a vision.";"Der Prophet hatte eine Vision."
"Persönlichkeit";"personality";"He has a wonderful personality.";"Er hat eine wundervolle Persönlichkeit."
"fett";"fat";"Their cattle are all fat.";"Ihr ganzes Vieh ist fett."
"Eintritt";"entry";"You have an entry ticket.";"Du hast eine Eintrittskarte."
"Informant";"ear";"I have an ear infection.";"Ich habe eine Ohrenentzündung."
"verschwinden";"disappear";"The snow will soon disappear.";"Der Schnee wird bald verschwinden."
"Schrei";"shout";"Then, a shout was raised.";"Dann erschallte ein Ruf."
"regelmäßig";"constant";"Change is the only constant.";"Veränderung ist das einzig Konstante."
"wesentlich";"significantly";"His grades have improved significantly.";"Seine Zensuren haben sich deutlich verbessert."
"Hügel";"hill";"The hill is always green.";"Der Hügel ist immer grün."
"erheblich";"considerable";"He has a considerable income.";"Er hat ein beträchtliches Einkommen."
"ideal";"ideal";"The center is an ideal.";"Das Zentrum ist ein Ideal."
"bestimmt";"surely";"That is surely an idea.";"Das ist zweifellos eine Idee."
"etwas";"somewhat";"Tom somewhat resembles his father.";"Tom ähnelt etwas seinem Vater."
"küssen";"kiss";"I want to kiss you.";"Ich möchte dich küssen."
"Vortrag";"presentation";"Tom made an impressive presentation.";"Tom hielt einen beeindruckenden Vortrag."
"gemeinsame";"joint";"It was a joint decision.";"Es war eine gemeinsame Entscheidung."
"streiten";"compete";"We can't compete with that.";"Wir können damit nicht mithalten."
"schwach";"weak";"The string is very weak.";"Die Schnur ist sehr schwach."
"Klage";"complaint";"I would lodge a complaint.";"Ich möchte Klage einreichen."
"irgendwie";"somehow";"Can I help you somehow?";"Kann ich Ihnen irgendwie helfen?"
"Ton";"tone";"She always sets the tone.";"Sie gibt immer den Ton an."
"Nachbarschaft";"neighborhood";"He moved into my neighborhood.";"Er ist in meine Nachbarschaft umgezogen."
"Phase";"phase";"She's just going through a phase.";"Sie durchläuft nur eine Phase."
"Eile";"rush";"Are you in a rush?";"Sind Sie in Eile?"
"Religion";"religion";"Making money is his religion.";"Geld verdienen ist seine Religion."
"Arbeitgeber";"employer";"His employer dismissed him yesterday.";"Sein Arbeitgeber hat ihn gestern entlassen."
"zurückweisen";"reject";"I must reject your request.";"Ich muss deine Anfrage zurückweisen."
"letzterer";"latter";"Let's hope for the latter.";"Hoffen wir auf das Letztere!"
"Teller";"plate";"I almost dropped a plate.";"Ich hätte fast einen Teller fallenlassen."
"verbieten";"ban";"We must ban opposing views.";"Wir müssen andere Meinungen verbieten."
"protestieren";"protest";"American workers began to protest.";"Die amerikanischen Arbeiter begannen zu protestieren."
"traurig";"sad";"What makes you so sad?";"Was macht dich so traurig?"
"häufig";"frequently";"Such a thing occurs frequently.";"So etwas kommt häufig vor."
"Kreis";"circle";"Please circle the right answer.";"Bitte die richtige Antwort mit einem Kreis markieren."
"Befehl";"command";"We are under his command.";"Wir stehen unter seinem Befehl."
"attraktiv";"attractive";"Do you think she's attractive?";"Findest du sie attraktiv?"
"krank";"sick";"She got sick this weekend.";"Sie ist an diesem Wochenende krank geworden."
"Eindruck";"impression";"Tom made a poor impression.";"Tom hat einen schwachen Eindruck hinterlassen."
"Witz";"joke";"It was just a joke.";"Das war nur ein Witz."
"Himmel";"sky";"The sky promises fair weather.";"Der Himmel verspricht schönes Wetter."
"Kolumne";"column";"I found this column interesting.";"Ich fand diese Kolumne interessant."
"richtig";"properly";"The toilet doesn't flush properly.";"Die Toilette spült nicht richtig."
"historisch";"ancient";"This is an ancient law.";"Das ist ein altes Gesetz."
"per";"via";"Could I pay via Mastercard?";"Kann ich per Mastercard zahlen?"
"Landkreis";"county";"She met a boy at the county fair.";"Sie lernte auf dem Jahrmarkt einen Jungen kennen."
"unähnlich";"unlike";"Unlike her, you are diligent.";"Im Gegensatz zu ihr bist du fleißig."
"anerkennen";"acknowledge";"You should acknowledge your failure.";"Du solltest deinen Misserfolg anerkennen."
"Hut";"hat";"Please take off your hat.";"Bitte nehmen Sie Ihren Hut ab."
"akademisch";"academic";"His thoughts are extremely academic.";"Seine Überlegungen sind extrem akademisch."
"Wähler";"voter";"Are you a registered voter?";"Bist du wahlberechtigt?"
"inzwischen";"meanwhile";"Meanwhile a rethink has begun.";"Inzwischen hat ein Umdenken begonnen."
"Abwesenheit";"absence";"I soon noticed his absence.";"Ich bemerkte bald seine Abwesenheit."
"Bemerkung";"remark";"Jim made a superfluous remark.";"Jim machte eine unnötige Bemerkung."
"Medizin";"medicine";"I have to take medicine.";"Ich muss Medizin einnehmen."
"Professor";"professor";"Professor Jones retires next year.";"Professor Jones geht nächstes Jahr in Rente."
"Absicht";"intention";"It was not my intention.";"Das war nicht meine Absicht."
"Dutzende";"dozen";"He bought a dozen eggs.";"Er kaufte ein Dutzend Eier."
"Siedlung";"settlement";"The settlement is relatively isolated.";"Die Siedlung liegt relativ abgeschieden."
"Spalt";"gap";"The gap between rich and poor is widening.";"Die Kluft zwischen Reich und Arm wird immer größer."
"nördlich";"northern";"I live in northern Sweden.";"Ich wohne in Nordschweden."
"gleichmäßig";"equally";"We shared the profit equally.";"Wir teilten den Gewinn gleichmäßig auf."
"Sieg";"victory";"The victory was dearly won.";"Der Sieg wurde teuer bezahlt."
"lösen";"resolve";"The problem will resolve itself eventually.";"Dieses Problem wird sich eventuell von selbst lösen."
"Kritiker";"critic";"He is a harsh critic.";"Er ist ein scharfer Kritiker."
"riesig";"enormous";"The new building is enormous.";"Das neue Gebäude ist riesig."
"permanent";"permanent";"I have no permanent residence.";"Ich habe keinen festen Wohnsitz."
"Gefühl";"emotion";"I was speechless with emotion.";"Ich war vor lauter Gefühlsregung unfähig zu sprechen."
"Drang";"urge";"Advertisements urge us to buy luxuries.";"Die Werbung treibt uns an, Luxusartikel zu kaufen."
"Feind";"enemy";"We crept toward the enemy.";"Wir robbten uns an den Feind heran."
"ernennen";"appoint";"When will they appoint someone to replace Tom?";"Wann werden sie jemanden ernennen, der Tom ersetzt?"
"ausschöpfen";"milk";"Do you have some milk?";"Hast du Milch?"
"Talent";"talent";"She has some literary talent.";"Sie hat ein gewisses literarisches Talent."
"Riechen";"smell";"We smell with our noses.";"Wir riechen mit unserer Nase."
"Pilot";"pilot";"The pilot flew the airplane.";"Der Pilot flog das Flugzeug."
"Stall";"stable";"This stable contains twelve stalls.";"Dieser Stall enthält zwölf Boxen."
"nur";"merely";"It is merely an ornament.";"Das ist nur eine Verzierung."
"kommunizieren";"communicate";"We use words to communicate.";"Wir kommunizieren mit Hilfe von Wörtern."
"Verletzung";"injury";"The doctor treated her injury.";"Die Ärztin behandelte ihre Verletzung."
"Ausstellung";"exhibition";"The exhibition is now open.";"Die Ausstellung ist jetzt eröffnet."
"Vorfall";"incident";"That incident harmed his reputation.";"Der Vorfall hat seinem Ruf geschadet."
"Kindheit";"childhood";"I had a happy childhood.";"Ich hatte eine glückliche Kindheit."
"Entwurf";"draft";"Attached is the draft compilation.";"Der Entwurf ist beigefügt."
"Politiker";"politician";"The reporter criticized the politician.";"Der Reporter übte Kritik am Politiker."
"verärgert";"angry";"What made you so angry?";"Was hat dich so verärgert?"
"Klopfen";"knock";"I didn't hear you knock.";"Ich habe dich nicht klopfen gehört."
"Gehalt";"salary";"I'm content with my salary.";"Ich bin mit meinem Gehalt zufrieden."
"implizieren";"imply";"What do his words imply?";"Was sollen seine Worte suggerieren?"
"Frühstück";"breakfast";"We made pancakes for breakfast.";"Wir haben Eierkuchen zum Frühstück gemacht."
"Färberlack";"lake";"Lake Akan is frozen over.";"Lake Akan ist zugefroren."
"wirklich";"truly";"The sea was truly calm.";"Die See war wirklich ruhig."
"hallo";"hi";"Hi, Bill. How are you?";"Hallo, Bill! Wie geht’s?"
"Gelb";"yellow";"There is a yellow rose.";"Da ist eine gelbe Rose."
"emotional";"emotional";"Tom is a little emotional.";"Tom ist etwas emotional."
"Existenz";"existence";"Death ends man's finite existence.";"Der Tod beendet die begrenzte Existenz des Menschen."
"betonen";"emphasize";"You should emphasize that fact.";"Du solltest diesen Fakt betonen."
"Initiative";"initiative";"The press praised the initiative.";"Die Prese hat die Initiative gelobt."
"scharf";"sharp";"The knife is not sharp.";"Das Messer ist nicht scharf."
"Antrag";"motion";"The motion was carried unanimously.";"Der Antrag wurde ohne Gegenstimmen angenommen."
"grau";"gray";"Her hair is turning gray.";"Ihr Haar wird grau."
"Plastik";"plastic";"Plastic does not burn easily.";"Plastik ist nicht leicht brennbar."
"komplizieren";"complicate";"I don't want to complicate my life with all that!";"Ich will mir das Leben nicht mit alldem verkomplizieren!"
"enttäuschen";"disappoint";"He will not disappoint me.";"Er wird mich nicht enttäuschen."
"Chef";"boss";"He is a dependable boss.";"Er ist ein verlässlicher Chef."
"Vermutung";"assumption";"Your assumption is completely wrong.";"Du liegst mit deiner Vermutung völlig daneben."
"extrem";"extreme";"They are the extreme cases.";"Das sind die extremen Fälle."
"Ruf";"reputation";"That incident harmed his reputation.";"Der Vorfall hat seinem Ruf geschadet."
"Verhandlung";"negotiation";"How does a negotiation work?";"Wie funktioniert eine Verhandlung?"
"Mechanismus";"mechanism";"It is a cultural mechanism.";"Es ist ein kultureller Mechanismus."
"Mantel";"coat";"The coat is not mine.";"Der Mantel ist nicht meiner."
"Zusammenstoß";"crash";"He survived the plane crash.";"Er hat den Flugzeugabsturz überlebt."
"Beobachtung";"observation";"It was just an observation.";"Das war nur eine Beobachtung."
"Fleisch";"meat";"All the meat was bad.";"Das ganze Fleisch war verdorben."
"Andeutung";"implication";"The implication was that where there was a well, there were residents.";"Das bedeutete, dass es dort, wo ein Brunnen war, auch Einwohner gab."
"verdienen";"deserve";"I do not deserve it.";"Ich verdiene es nicht."
"klassisch";"classic";"This song is a classic.";"Dieses Lied ist ein Klassiker."
"König";"king";"The king crushed his enemies.";"Der König vernichtete seine Feinde."
"reparieren";"repair";"The road is under repair.";"Die Straße wird repariert."
"einstürzen";"collapse";"The tower is going to collapse.";"Der Turm ist am Einstürzen."
"ausleihen";"borrow";"May I borrow your dictionary?";"Kann ich dein Wörterbuch ausleihen?"
"Gericht";"dish";"Could you heat this dish?";"Könnten Sie dieses Gericht aufwärmen?"
"im Ausland";"abroad";"Is your uncle still abroad?";"Ist dein Onkel immer noch im Ausland?"
"Seele";"soul";"The soul animates the body.";"Die Seele belebt den Körper."
"besiegen";"defeat";"You will never defeat me!";"Du wirst mich nie besiegen!"
"vergrößern";"enhance";"Can we enhance the image?";"Können wir das Bild vergrößern?"
"stolz";"proud";"I'm proud of my school.";"Ich bin stolz auf meine Schule."
"unterscheiden";"distinguish";"Dogs can't distinguish between colors.";"Hunde können keine Farben unterscheiden."
"wesentlich";"substantial";"It's a substantial amount of money.";"Das ist ein beträchtlicher Geldbetrag."
"nahe gelegen";"nearby";"There is a hospital nearby.";"In der Nähe befindet sich ein Krankenhaus."
"Hersteller";"manufacturer";"Volkswagen is a German car manufacturer.";"Volkswagen ist ein deutscher Automobilhersteller."
"wertvoll";"valuable";"That was a valuable experience.";"Das war eine wertvolle Erfahrung."
"persönlich";"personally";"Do you know Tom personally?";"Kennst du Tom persönlich?"
"ungefähr";"approximately";"Approximately thirty young people attended.";"Ungefähr dreißig Jugendliche nahmen teil."
"Unterkunft";"accommodation";"Accommodation is in individual tents.";"Die Unterkunft ist im eigenen Zelt."
"Höhepunkt";"highlight";"This was the highlight of my day.";"Das war der Höhepunkt meines Tages."
"Reporter";"reporter";"The reporter criticized the politician.";"Der Reporter übte Kritik am Politiker."
"Klima";"climate";"The climate affected his health.";"Das Klima hatte Auswirkungen auf seine Gesundheit."
"Hemd";"shirt";"Your shirt is inside out.";"Du hast das Hemd auf links an."
"Ausnahme";"exception";"This rule allows no exception.";"Von dieser Regel gibt es keine Ausnahme."
"Sieger";"winner";"The crowd hailed the winner.";"Die Menge jubelte dem Sieger zu."
"braun";"brown";"Mr Brown is a doctor.";"Herr Braun ist Arzt."
"atmen";"breathe";"He could not breathe deeply.";"Er konnte nicht tief atmen."
"entschuldigen";"excuse";"Excuse us for the inconvenience.";"Entschuldigen Sie bitte die Unannehmlichkeiten!"
"teilweise";"partly";"I partly agree with you.";"Ich stimme dir teilweise zu."
"Tennis";"tennis";"Do you not play tennis?";"Spielen Sie kein Tennis?"
"verwechseln";"confuse";"Don't confuse Austria with Australia.";"Verwechseln Sie nicht Österreich und Australien."
"südlich";"southern";"He has a Southern accent.";"Er spricht einen südlichen Dialekt."
"Schönheit";"beauty";"Words cannot describe the beauty.";"Worte können diese Schönheit nicht beschreiben."
"berechnen";"calculate";"It's not hard to calculate.";"Es ist nicht schwer zu berechnen."
"Maus";"mouse";"My cat killed this mouse.";"Meine Katze hat diese Maus getötet."
"Mathematik";"mathematics";"Bill is good at mathematics.";"Bill ist gut in Mathematik."
"Schöpfung";"creation";"Man is the lord of all creation.";"Der Mensch ist der Herr über die ganze Schöpfung."
"genug";"sufficient";"My explanation was not sufficient.";"Meine Erklärung reichte nicht aus."
"Journalist";"journalist";"My boyfriend is a journalist.";"Mein Freund ist Journalist."
"plötzlich";"sudden";"Mary's sudden death surprised everyone.";"Marias plötzlicher Tod hat alle überrascht."
"Werbung";"advertisement";"A resume is just an advertisement.";"Ein Lebenslauf ist nichts anderes als Werbung für sich selbst."
"ursprünglich";"originally";"He originally comes from Algeria.";"Er kommt ursprünglich aus Algerien."
"zur Seite";"aside";"The man shoved her aside.";"Der Mann schob sie zur Seite."
"zweitens";"secondly";"First, I'm busy, and secondly, I'm not interested.";"Erstens bin ich beschäftigt und zweitens hab ich kein Interesse."
"streng";"severe";"I have a severe headache.";"Ich hab schlimme Kopfschmerzen."
"Aussicht";"prospect";"Unfortunately, there's no prospect of recovery.";"Leider gibt es keine Aussicht auf Besserung."
"Schnee";"snow";"The rain changed into snow.";"Der Regen ging in Schnee über."
"Handlung";"plot";"This is a plot hole.";"Das ist eine Handlungslücke."
"Nacken";"neck";"Tom has a stiff neck.";"Tom hat einen steifen Nacken."
"integrieren";"integrate";"They have to integrate into society.";"Sie müssen sich in die Gesellschaft integrieren."
"Kritik";"criticism";"The film received favourable criticism.";"Der Film hat gute Kritiken bekommen."
"Wette";"bet";"You bet I was surprised.";"Und ob ich überrascht war!"
"Freiwilliger";"volunteer";"Others engage in volunteer work.";"Andere engagieren sich mit freiwilliger Arbeit."
"ruhig";"calm";"The sea was truly calm.";"Die See war wirklich ruhig."
"verlassen";"abandon";"Why did you abandon me?";"Warum hast du mich verlassen?"
"Stille";"silence";"There followed a long silence.";"Eine ausgedehnte Stille folgte."
"Revolution";"revolution";"We need a political revolution.";"Wir brauchen eine politische Revolution."
"Voraussetzung";"premise";"The argument is very logical, but it is based on a flawed premise.";"Das Argument ist ganz logisch, aber es beruht auf einer falschen Voraussetzung."
"lehnen";"lean";"Don't lean against the wall.";"Nicht an die Wand lehnen!"
"dramatisch";"dramatic";"Don't be so dramatic, Tom!";"Sei nicht so dramatisch, Tom!"
"dankbar";"grateful";"I am grateful to them.";"Ich bin ihnen dankbar."
"Fahrrad";"bike";"Each boy has a bike.";"Jeder Junge hat ein Fahrrad."
"kritisch";"crucial";"Your physical condition is crucial.";"Sein körperlicher Zustand ist kritisch."
"Arbeitslosigkeit";"unemployment";"He was forced into unemployment.";"Er wurde in die Arbeitslosigkeit gezwungen."
"Minderheit";"minority";"Women are not a minority.";"Frauen sind keine Minderheit."
"Ursprung";"origin";"This word's origin is unknown.";"Der Ursprung dieses Wortes ist unbekannt."
"Dolmetschen";"interpretation";"The question permits of only one interpretation.";"Die Frage kann nur auf eine einzige Weise interpretiert werden."
"Herr";"gentleman";"He is a real gentleman.";"Er ist ein echter Gentleman."
"Drama";"drama";"How does this drama end?";"Wie endet dieses Drama?"
"Schuld";"fault";"It was all our fault.";"Es war alles unsere Schuld."
"dick";"thick";"It is four centimeters thick.";"Es ist vier Zentimeter dick."
"Leistung";"achievement";"It is quite an achievement!";"Das ist eine Leistung!"
"verhandeln";"negotiate";"We don't negotiate with terrorists.";"Wir verhandeln nicht mit Terroristen!"
"dominieren";"dominate";"Mary wants to dominate Tom.";"Mary will Tom dominieren."
"Preis";"prize";"He got the first prize.";"Er erhielt den ersten Preis."
"Rente";"pension";"Tom has a good pension.";"Tom hat eine gute Rente."
"Flügel";"wing";"The bird's wing was broken.";"Der Flügel des Vogels war gebrochen."
"Lachen";"laughter";"I doubled over with laughter.";"Ich krümmte mich vor Lachen."
"zutiefst";"deeply";"The story affected us deeply.";"Die Geschichte berührte uns zutiefst."
"Strom";"electricity";"The automobile runs on electricity.";"Das Auto fährt mit Strom."
"Hilfe";"assistance";"He promised us his assistance.";"Er versprach uns seine Unterstützung."
"Dach";"roof";"Tom is on the roof.";"Tom ist auf dem Dach."
"Ruhestand";"retirement";"Tom opted for early retirement.";"Tom entschied sich für einen frühen Ruhestand."
"beziehungsweise";"respectively";"He and he love her and her, respectively.";"Er bzw. er liebt sie bzw. sie."
"Boden";"soil";"Does the soil suit vegetables?";"Ist der Boden für Gemüseanbau geeignet?"
"Zahn";"tooth";"I have a sweet tooth.";"Ich habe einen süßen Zahn."
"Darstellung";"representation";"Nowadays school is considered a representation of the world.";"Heutzutage wird die Schule als Darstellung der Welt betrachtet."
"Vorbereitung";"preparation";"Prior preparation prevents poor performance.";"Eine gute Vorbereitung hilft eine verpatzte Vorstellung verhindern."
"Schwerpunkt";"emphasis";"This point deserves special emphasis.";"Dieser Punkt ist hervorzuheben."
"Silber";"silver";"Gold is heavier than silver.";"Gold ist schwerer als Silber."
"Unterhaltung";"entertainment";"Soccer is Brazilians' favorite entertainment.";"Fußball ist die beliebteste Unterhaltung der Brasilianer."
"unwahrscheinlich";"unlikely";"But the possibility seems unlikely.";"Aber die Möglichkeit scheint unwahrscheinlich."
"schwul";"gay";"The best hairdressers are gay.";"Die besten Frisöre sind schwul."
"Veröffentlichung";"publication";"The book is now ready for publication.";"Das Buch ist jetzt bereit zur Veröffentlichung."
"schlank";"slight";"I have a slight fever.";"Ich habe leichtes Fieber."
"solide";"solid";"Columns provide a solid foundation.";"Säulen bilden ein solides Fundament."
"Unternehmen";"enterprise";"The enterprise was doomed to failure.";"Das Unternehmen war zum Scheitern verurteilt."
"schulden";"owe";"I owe you ten dollars.";"Ich schulde euch zehn Dollar."
"Gouverneur";"governor";"The governor abused his authority.";"Der Gouverneur missbrauchte seine Macht."
"Hafen";"port";"A free port was established.";"Es wurde ein freier Hafen eingerichtet."
"Eintreffen";"arrival";"Your arrival changed the situation.";"Dein Eintreffen veränderte die Situation."
"Tor";"gate";"The gate was left open.";"Das Tor wurde offen gelassen."
"Bier";"beer";"I feel like another beer.";"Ich habe Lust auf noch ein Bier."
"Stimmung";"mood";"I'm not in the mood.";"Ich bin nicht in der Stimmung."
"Folge";"episode";"Did you see yesterday's episode?";"Hast du die Folge gestern gesehen?"
"einreißen";"crack";"The cup has a crack.";"Die Tasse hat einen Sprung."
"Symptom";"symptom";"Do you have this symptom often?";"Tritt dieses Symptom häufig auf?"
"Berichterstattung";"coverage";"The coverage is overwhelmingly negative.";"Die Berichterstattung ist überwiegend negativ."
"Spannung";"tension";"The tension has become unbearable.";"Die Spannung ist nicht länger auszuhalten."
"nervös";"nervous";"Silence makes some people nervous.";"Stille macht manche Leute nervös."
"Gefangener";"prisoner";"The prisoner escaped from prison.";"Der Gefangene ist aus dem Gefängnis geflohen."
"eng";"tight";"These shoes are too tight.";"Diese Schuhe sind zu eng."
"Wohlfahrt";"welfare";"We want welfare, not warfare.";"Wir wollen Wohlfahrt, nicht Kriegstat."
"Wolke";"cloud";"A cloud passed the sun.";"Eine Wolke zog an der Sonne vorbei."
"überreden";"persuade";"We failed to persuade him.";"Wir haben es nicht geschafft, ihn zu überreden."
"inspirieren";"inspire";"I let my muse inspire me.";"Ich lass' mich von meiner Muse inspirieren."
"daher";"hence";"Hence, I shall have to stay here.";"Also muss ich hier bleiben."
"Besatzung";"crew";"The crew abandoned the ship.";"Die Besatzung hat das Schiff aufgegeben."
"Phänomen";"phenomenon";"Lightning is an electrical phenomenon.";"Blitze sind ein elektrisches Phänomen."
"Schüler";"pupil";"The pupil has to improve.";"Der Schüler muss besser werden."
"falsch";"FALSE";"The rumor turned out false.";"Das Gerücht erwies sich als falsch."
"wiederherstellen";"restore";"I want to restore justice.";"Ich möchte die Gerechtigkeit wiederherstellen."
"ändern";"alter";"We must alter our plan.";"Wir müssen unseren Plan ändern."
"sinken";"sink";"The ship's going to sink!";"Das Schiff wird sinken!"
"Unterstützer";"supporter";"He has a wealthy supporter behind him.";"Er hat einen wohlhabenden Unterstützer hinter sich."
"LKW";"truck";"A truck hit the dog.";"Ein Lkw fuhr den Hund an."
"Nase";"nose";"This happened under my nose.";"Das geschah vor meiner Nase."
"Katastrophe";"disaster";"The earthquake brought about disaster.";"Das Erdbeben verursachte eine Katastrophe."
"Schritt";"pace";"He kept pace with her.";"Er hielt mit ihr Schritt."
"widmen";"devote";"You have to devote yourself to the task.";"Du musst dich der Aufgabe wirklich widmen."
"rechtfertigen";"justify";"Can you justify your action?";"Kannst du deine Tat rechtfertigen?"
"faszinieren";"fascinate";"Stories like that fascinate me.";"Solche Geschichten faszinieren mich."
"überschüssig";"spare";"We have no spare money.";"Wir haben kein Geld übrig."
"wenn";"whenever";"Whenever they meet, they quarrel.";"Immer, wenn sie sich treffen, streiten sie sich."
"schuldig";"guilty";"You are guilty of murder.";"Du bist des Mordes schuldig."
"Zufriedenheit";"satisfaction";"Satisfaction is the sister of gratitude.";"Zufriedenheit ist die Schwester der Dankbarkeit."
"gießen";"pour";"Pour melted butter over the popcorn.";"Gieße geschmolzene Butter über den Puffmais."
"fegen";"sweep";"Tom is a chimney sweep.";"Tom ist Schornsteinfeger."
"Pflicht";"obligation";"She knows it's her obligation.";"Sie weiß, dass das ihre Pflicht ist."
"Wut";"anger";"I couldn't control my anger.";"Ich war nicht in der Lage, meine Wut zu kontrollieren."
"Kneipe";"pub";"Let's race to the pub!";"Lass uns bis zur Kneipe um die Wette rennen!"
"Wahrnehmung";"perception";"Maybe it's a question of perception.";"Vielleicht ist es eine Frage der Wahrnehmung."
"natürlich";"naturally";"Naturally he accepted the invitation.";"Natürlich hat er die Einladung angenommen."
"Währung";"currency";"Italy's currency is the euro.";"Die italienische Währung ist der Euro."
"Datenbank";"database";"I can't access the database.";"Ich habe keine Verbindung zur Datenbank."
"selten";"rarely";"I rarely catch a cold.";"Ich erkälte mich selten."
"Größe";"height";"They are of average height.";"Sie sind mittelgroß."
"offensichtlich";"apparent";"The fact is apparent to everybody.";"Diese Tatsache ist für jeden offensichtlich."
"ständig";"constantly";"Computers are constantly being improved.";"Computer werden ständig weiterentwickelt."
"Muskel";"muscle";"Each muscle shows perfect teamwork.";"Jeder Muskel zeigt ein perfektes Zusammenspiel."
"schlecht";"badly";"We will miss you badly.";"Ihr werdet uns schrecklich fehlen."
"gemein";"everyday";"Tell me about your everyday life.";"Erzähl mir von deinem Alltagsleben."
"Grenze";"boundary";"It is beyond the boundary of human knowledge.";"Das ist jenseits der Grenze menschlichen Wissens."
"Aufsatz";"essay";"Write an essay on ""Friendship"".";"Schreibt einen Aufsatz über ""Freundschaft""."
"sich zurückziehen";"withdraw";"They were forced to withdraw.";"Sie wurden zum Rückzug gezwungen."
"Umweltverschmutzung";"pollution";"Pollution is a massive problem.";"Umweltverschmutzung ist ein schwerwiegendes Problem."
"Unordnung";"disorder";"The room was in disorder.";"Das Zimmer war unordentlich."
"Möbel";"furniture";"That furniture is my mother's.";"Diese Möbel gehören meiner Mutter."
"Zeichen";"symbol";"It's a symbol of friendship.";"Das ist ein Zeichen der Freundschaft."
"Wohnung";"apartment";"This is a great apartment.";"Das ist aber eine tolle Wohnung!"
"Demonstration";"demonstration";"I'm going to join a demonstration.";"Ich werde auf eine Demonstration gehen."
"Stahl";"steel";"Jesus has abs of steel.";"Jesus hat Bauchmuskeln aus Stahl."
"Wunde";"wound";"Rub salt in the wound.";"Salz in die Wunde streuen."
"Grundlage";"foundation";"The rumor was without foundation.";"Das Gerücht entbehrte jeder Grundlage."
"Designer";"designer";"She is an industrial designer.";"Sie ist Industriedesignerin."
"Innovation";"innovation";"The company places its main focus on innovation.";"Die Firma setzt ihren Schwerpunkt auf Innovation."
"Album";"album";"He showed me his album.";"Er zeigte mir sein Album."
"Sängerin";"singer";"The popular singer committed suicide.";"Die beliebte Sängerin beging Selbstmord."
"Falle";"trap";"It might be a trap.";"Es könnte vielleicht eine Falle sein."
"Ausdehnung";"extension";"What is the file extension?";"Wie ist die Datei-Endung?"
"Fülle";"wealth";"Health is better than wealth.";"Gesundheit ist besser als Wohlstand."
"allmählich";"gradually";"He gradually recovered his temper.";"Er beruhigte sich allmählich."
"böse";"evil";"That was an evil bunny.";"Das war ein böses Häschen."
"bemerkenswert";"remarkable";"He has a remarkable memory.";"Er hat ein bemerkenswertes Gedächtnis."
"Melodie";"tune";"The guitar is in tune.";"Diese Gitarre ist gestimmt."
"Gras";"grass";"The cows are eating grass.";"Die Kühe fressen Gras."
"Einladung";"invitation";"Thank you for your invitation.";"Danke für die Einladung!"
"züchten";"breed";"They breed cattle and horses.";"Sie züchten Rinder und Pferde."
"außerordentlich";"extraordinary";"They had an extraordinary relationship.";"Sie hatten eine außergewöhnliche Beziehung."
"Stiel";"stem";"Remove the pips and stem.";"Entfernen Sie die Kerne und den Stiel."
"Spiegel";"mirror";"The rear-view mirror fell off.";"Der Rückspiegel ist abgefallen."
"schrecklich";"awful";"Why are you so awful?";"Wieso bist du so entsetzlich?"
"kreativ";"creative";"Carlos is intelligent and creative.";"Carlos ist intelligent und kreativ."
"Gedicht";"poem";"Commit this poem to memory.";"Lerne dieses Gedicht auswendig."
"Konkurrent";"competitor";"Tom is a tremendous competitor.";"Tom ist ein großartiger Konkurrent."
"Alkohol";"alcohol";"This car runs on alcohol.";"Dieses Auto fährt mit Alkohol."
"Festival";"festival";"When is your school festival?";"Wann ist dein Schulfest?"
"Gewächs";"vegetable";"What is your favorite vegetable?";"Was ist dein Lieblingsgemüse?"
"Planet";"planet";"Earth is a beautiful planet.";"Die Erde ist ein schöner Planet."
"Kurve";"curve";"The highway went on in a large curve.";"Die Fernstraße lief in einer langgezogenen Kurve weiter."
"überwinden";"overcome";"You must overcome the difficulties.";"Sie müssen die Schwierigkeiten überwinden."
"Gott";"god";"Do you believe in God?";"Glaubst du an Gott?"
"Portion";"portion";"A large portion of chips, please.";"Eine große Portion Pommes frites bitte!"
"Substanz";"substance";"Salt is a useful substance.";"Salz ist eine nützliche Substanz."
"interpretieren";"interpret";"Please interpret my strange dreams.";"Bitte deute meine seltsamen Träume."
"Unabhängigkeit";"independence";"Our people thirst for independence.";"Unser Volk dürstet nach Unabhängigkeit."
"Zucker";"sugar";"One lump of sugar, please.";"Ein Stückchen Zucker, bitte."
"Rosa";"pink";"The pink pillow is clean.";"Das rosa Kopfkissen ist sauber."
"Schatten";"shadow";"I like your eye shadow.";"Mir gefällt dein Lidschatten."
"Intervention";"intervention";"It was a divine intervention.";"Das war göttliches Eingreifen."
"ähnlich";"similarly";"They think similarly but come to different conclusions.";"Sie denken ähnlich, kommen aber zu unterschiedlichen Schlussfolgerungen."
"sich benehmen";"behave";"You must not behave so.";"Du darfst dich nicht so benehmen."
"Dimension";"dimension";"Tom traveled to another dimension.";"Tom reiste in eine andere Dimension."
"Effizienz";"efficiency";"Don't confuse ""efficacy"" with ""efficiency"".";"Verwechsel nicht Effektivität mit Effizienz."
"schmutzig";"dirty";"Please clean the dirty floor.";"Bitte machen Sie den schmutzigen Fußboden sauber."
"regelmäßig";"regularly";"Students should attend classes regularly.";"Schüler sollen regelmäßig den Unterricht besuchen."
"Eisen";"iron";"Gold is heavier than iron.";"Gold ist schwerer denn Eisen."
"Mitgliedschaft";"membership";"Tom will be denied membership.";"Tom wird die Mitgliedschaft verweigert werden."
"Brot";"bread";"Mayuko eats bread for breakfast.";"Mayuko isst zum Frückstück Brot."
"blind";"blind";"They say love is blind.";"Man sagt, Liebe mache blind."
"einfach";"pure";"That's opportunism, pure and simple.";"Das ist schlicht und einfach Opportunismus."
"Verbündeter";"ally";"I am your ally, trust me.";"Ich bin dein Verbündeter, vertrau mir."
"Quantität";"quantity";"I prefer quality to quantity.";"Ich ziehe Qualität der Quantität vor."
"reif";"mature";"The grapes are getting mature.";"Die Weintrauben werden reif."
"kurz";"briefly";"Can you explain it briefly?";"Kannst du das kurz erklären?"
"Wecker";"alarm";"The alarm clock is ringing.";"Der Wecker klingelt."
"Armut";"poverty";"Tom grew up in poverty.";"Tom wuchs in Armut auf."
"verrückt";"crazy";"Most people think I'm crazy.";"Die meisten Leute denken, ich sei verrückt."
"Gender";"gender";"Gender-neutral toilets don't work for women.";"Geschlechtsneutrale Toiletten eignen sich nicht für Frauen."
"Händler";"dealer";"He is a fish dealer.";"Er ist Fischhändler."
"Knopf";"button";"Did you push the button?";"Hast du auf den Knopf gedrückt?"
"Last";"burden";"I relieved him of his burden.";"Ich befreite ihn von seiner Last."
"Entdeckung";"discovery";"That discovery was quite accidental.";"Diese Entdeckung war völlig zufällig."
"Widerstand";"resistance";"No one anticipated such resistance.";"Mit solch einem Widerstand hätte niemand gerechnet."
"Bad";"bath";"The hot bath relaxed her.";"Das heiße Bad brachte ihr Entspannung."
"Häufigkeit";"frequency";"Bus service must be increased in frequency.";"Die Busse sollten häufiger fahren."
"kritisieren";"criticize";"Don't criticize him in public.";"Kritisiere ihn nicht öffentlich."
"Philosophie";"philosophy";"The student majors in philosophy.";"Der Student hat Philosophie als Hauptfach."
"Genehmigung";"approval";"I asked for their approval.";"Ich bat um ihr Einverständnis."
"leihen";"lend";"Please lend me your car.";"Leih mir bitte deinen Wagen!"
"Kontakt";"exposure";"Exposure to nature has a calming effect.";"Es beruhigt, wenn die Natur auf einen wirkt."
"Bildung";"formation";"Almost all education is character formation.";"Bildung heißt eigentlich immer Charakterbildung."
"angenehm";"pleasant";"It has a pleasant odor.";"Es hat einen angenehmen Geruch."
"Übersee-";"overseas";"The ship came from overseas.";"Das Schiff kam aus Übersee."
"rau";"rough";"We had a rough time.";"Wir hatten eine schwierige Zeit."
"Pferch";"pen";"Have you got a pen?";"Hast du was zum Schreiben?"
"Turm";"tower";"How high is that tower?";"Wie hoch ist dieser Turm?"
"charakterisieren";"characterize";"Openness and toughness characterize Korean diplomacy.";"Offenheit und Zähigkeit charakterisieren die koreanische Diplomatie."
"exakt";"exact";"The exact date is 1742.";"Das genaue Datum ist 1742."
"Kind";"infant";"The infant has been exposed to radioactive rays.";"Das Kind war radioaktiver Strahlung ausgesetzt."
"graben";"dig";"I'll dig a large tunnel.";"Ich werde einen großen Tunnel graben."
"Widerstand";"drag";"Don't drag me into this.";"Zieh mich da nicht mit rein."
"vorgreifen";"anticipate";"What results do you anticipate?";"Welche Ergebnisse erwartest du?"
"abhängig";"dependent";"She's dependent on her husband.";"Sie ist von ihrem Ehegatten abhängig."
"spezialisieren";"specialize";"She will specialize in American history.";"Sie wird sich auf amerikanische Geschichte spezialisieren."
"Hühnchen";"chicken";"Well then, I'll have chicken.";"Dann nehme ich Hühnchen."
"Unbehagen";"anxiety";"I had an anxiety attack.";"Ich hatte einen Panikanfall."
"Virus";"virus";"A virus infected Tom's computer.";"Ein Virus hat Toms Computer infiziert."
"Operation";"surgery";"Surgery is the best solution.";"Eine Operation ist die beste Lösung."
"Musiker";"musician";"Beethoven was a great musician.";"Beethoven war ein großer Musiker."
"Wohltätigkeitsorganisation";"charity";"They are living on charity.";"Sie lebten von der Barmherzigkeit."
"Zigarette";"cigarette";"Please put your cigarette out.";"Mach bitte deine Zigarette aus."
"bilden";"constitute";"Six members constitute the committee.";"Sechs Mitglieder bilden das Komitee."
"angemessen";"adequate";"I don't consider that adequate.";"Ich halte das nicht für angemessen."
"anpassen";"adapt";"You just have to adapt.";"Man muss sich einfach anpassen."
"Sand";"sand";"Glass is made from sand.";"Glas wird aus Sand hergestellt."
"Mütze";"cap";"I have lost my cap.";"Ich habe meine Mütze verloren."
"Charme";"charm";"Her charm is beyond description.";"Ihr Charme ist unbeschreiblich."
"reagieren";"react";"How will the markets react?";"Wie werden die Märkte reagieren?"
"Vortrag";"lecture";"His lecture is very long.";"Sein Vortrag ist sehr lang."
"Durcheinander";"mess";"My room is a mess.";"Mein Zimmer ist ein Schweinestall."
"Anreiz";"incentive";"The workers have no incentive to work harder.";"Die Arbeiter haben keinen Anreiz, härter zu arbeiten."
"Liga";"league";"She's out of your league.";"Sie ist eine Nummer zu groß für dich."
"Dialog";"dialog";"Can't you work things out through dialog?";"Könnt ihr das nicht im Dialog regeln?"
"stornieren";"cancel";"Can I cancel this ticket?";"Kann ich dieses Ticket stornieren?"
"entlassen";"dismiss";"I have to dismiss Ken.";"Ich muss Ken entlassen."
"Gewinnspanne";"margin";"This product brought us a large margin.";"Mit diesem Produkt erzielten wir eine große Gewinnspanne."
"Fähigkeit";"capability";"Tom lacks the capability of imagining himself in someone else's situation.";"Tom fehlt die Fähigkeit, sich in jemandes anderen Lage zu versetzen."
"korrespondieren";"correspond";"I correspond with my friends.";"Ich korrespondiere mit meinen Freunden."
"Schlag";"stroke";"What a stroke of luck!";"Was für ein Glücksfall!"
"wagen";"dare";"How dare you say that?";"Wie kannst du es nur wagen, das zu sagen?"
"Tendenz";"tendency";"That tendency is strong among Americans.";"Diese Tendenz ist unter Amerikanern weit verbreitet."
"häufig";"frequent";"Do you have frequent earaches?";"Haben Sie oft Ohrenschmerzen?"
"Motor";"motor";"The motor started to run.";"Der Motor sprang an."
"Überleben";"survival";"The company is struggling for survival.";"Die Firma kämpft ums Überleben."
"Zähler";"counter";"Where is the information counter?";"Wo befindet sich der Informationsschalter?"
"Erlaubnis";"permission";"I don't need your permission.";"Ich brauche deine Erlaubnis nicht."
"Tal";"valley";"This valley is very fertile.";"Dieses Tal ist sehr fruchtbar."
"sichtbar";"visible";"There were no visible dangers.";"Es gab keine sichtbaren Gefahren."
"Evolution";"evolution";"Extinction is part of evolution.";"Das Aussterben ist ein Teil der Evolution."
"Bewusstsein";"awareness";"Developing political awareness takes time.";"Politisches Bewusstsein zu entwickeln, braucht Zeit."
"gewaltig";"violent";"This is a violent neighborhood.";"In dieser Gegend herrscht Gewalt."
"wohlhabend";"wealthy";"She is a wealthy woman.";"Sie ist eine wohlhabende Frau."
"Architektur";"architecture";"I call architecture frozen music.";"Ich nenne Architektur gefrorene Musik."
"annehmbar";"acceptable";"His proposal was not acceptable.";"Sein Vorschlag war unannehmbar."
"Tagebuch";"journal";"Are you keeping a journal?";"Führst du Tagebuch?"
"Kohle";"coal";"Coal consists mostly of carbon.";"Kohle besteht vor allem aus Kohlenstoff."
"Messung";"measurement";"The measurement has to be exact.";"Die Messung muss genau sein."
"erfolgreich";"successfully";"The treatment is going successfully.";"Die Behandlung verläuft erfolgreich."
"Illustration";"illustration";"An illustration may make the point clear.";"Eine Illustration kann es auf den Punkt bringen."
"Privileg";"privilege";"He must have abused the privilege.";"Er muss das Privileg missbraucht haben."
"Käufer";"buyer";"Tom is an impulsive buyer.";"Tom ist spontaner Käufer."
"motivieren";"motivate";"How can I motivate myself?";"Wie kann ich mich selbst motivieren?"
"Labor";"laboratory";"He works in the laboratory.";"Er arbeitet in jenem Labor."
"Hypothek";"mortgage";"I don't have a mortgage.";"Ich habe keine Hypothek."
"Beförderung";"promotion";"He is out for promotion.";"Er ist auf eine Beförderung aus."
"Leidenschaft";"passion";"I'm driven by my passion.";"Mich treibt eine Leidenschaft."
"Vorkämpfer";"champion";"I played with the champion.";"Ich spielte mit dem Champion."
"widmen";"dedicate";"I dedicate this song to you.";"Ich widme dieses Lied dir."
"grob";"roughly";"Don't handle these tools roughly.";"Behandle die Werkzeuge nicht grob."
"Rock";"skirt";"Which skirt do you like?";"Welcher Rock gefällt dir?"
"Provinz";"province";"Kosovo was a province of Serbia.";"Kosovo war eine Provinz Serbiens."
"Kompromiss";"compromise";"The Congress accepted the compromise.";"Der Kongress nahm den Kompromiss an."
"Schwäche";"weakness";"Human pride is human weakness.";"Menschlicher Hochmut ist menschliche Schwäche."
"Bekanntmachung";"announcement";"I have an important announcement.";"Ich habe eine wichtige Bekanntmachung."
"Salz";"salt";"Rub salt in the wound.";"Salz in die Wunde streuen."
"blicken";"glance";"I recognized him at first glance.";"Ich habe ihn auf den ersten Blick erkannt."
"Oper";"opera";"The opera starts at seven.";"Die Oper beginnt um sieben Uhr."
"Lunte";"brush";"Did you brush your teeth?";"Hast du dir die Zähne geputzt?"
"Brust";"chest";"I have a chest pain.";"Ich habe Schmerzen in der Brust."
"umarmen";"embrace";"Tom tried to embrace Mary.";"Tom versuchte, Maria zu umarmen."
"still";"silent";"All of us were silent.";"Wir waren alle still."
"Verlag";"publisher";"That publisher specialises in children's books.";"Dieser Verlag ist Spezialist für Kinderbücher."
"Feier";"celebration";"This calls for a celebration.";"Das muss gefeiert werden!"
"Golf";"golf";"John is interested in golf.";"John interessiert sich für Golf."
"Defizit";"deficit";"A budget deficit must be financed somehow.";"Ein Haushaltsdefizit muss irgendwie finanziert werden."
"ändern";"modify";"We want to modify the regulations of our school.";"Wir wollen die Schulordnung ändern."
"flashen";"flash";"It happened in a flash.";"Es passierte in Sekundenschnelle."
"Freundschaft";"friendship";"Write an essay on ""Friendship"".";"Schreibt einen Aufsatz über ""Freundschaft""."
"Gleichung";"equation";"I'm not finding the equation.";"Ich finde die Gleichung nicht."
"unterhalten";"entertain";"Now let me entertain you with music.";"Nun lasse mich dich mit Musik unterhalten."
"fantastisch";"fantastic";"I had a fantastic time.";"Ich habe mich bestens amüsiert."
"Inflation";"inflation";"Do we need more inflation?";"Brauchen wir mehr Inflation?"
"historisch";"historic";"This is a historic city.";"Das ist eine historische Stadt."
"Biegung";"twist";"Don't twist my words around!";"Verdreh mir nicht das Wort im Mund!"
"Personal";"personnel";"Hello, is this the personnel department?";"Hallo! Ist da die Personalabteilung?"
"Vorstellungskraft";"imagination";"It is just your imagination.";"Das bilden Sie sich nur ein."
"Rachen";"throat";"The doctor examined my throat.";"Die Ärztin untersuchte meinen Rachen."
"für immer";"forever";"And history was changed forever.";"Und die Geschichte war für immer verändert."
"überschreiten";"exceed";"Don't exceed the speed limit.";"Überschreite nicht die Höchstgeschwindigkeit!"
"Ausgaben";"expenditure";"The expenditure totaled 200,000 yen.";"Die Ausgaben betrugen insgesamt 200.000 Yen."
"Freude";"joy";"I'm beside myself with joy.";"Ich bin außer mir vor Freude."
"verlässlich";"reliable";"She is a reliable person.";"Sie ist eine verlässliche Person."
"Klicken";"click";"Did you hear the click?";"Haben Sie das Klicken gehört?"
"Dichter";"poet";"The poet wrote many poems.";"Der Dichter schrieb viele Gedichte."
"Vermögen";"fortune";"John inherited a large fortune.";"John erbte ein großes Vermögen."
"Zeremonie";"ceremony";"How formal is this ceremony?";"Wie formell ist diese Zeremonie?"
"Stapel";"pile";"My to-read pile never gets shorter.";"Der Stapel dessen, was ich lesen muß, wird nie kleiner."
"Schwein";"pig";"Don't eat like a pig.";"Friss nicht wie ein Schwein!"
"Mischung";"mixture";"Air is a mixture of gases.";"Luft ist eine Mischung aus Gasen."
"automatisch";"automatically";"The furigana is automatically generated.";"Die Furigana werden automatisch erzeugt."
"Wesen";"creature";"The creature had black fur.";"Das Wesen hatte ein schwarzes Fell."
"Teilnahme";"participation";"Thank you for your participation.";"Danke für deine Teilnahme!"
"Klausel";"clause";"This clause is null and void.";"Diese Klausel ist ungültig."
"Zimmer";"chamber";"""My lady is in her chamber,"" said the servant.";"„Die gnädige Frau weilt auf ihrem Zimmer“, sagte der Diener."
"Poesie";"poetry";"Wine is poetry in bottles.";"Wein ist in Flaschen gefüllte Poesie."
"plaudern";"chat";"They are having a chat.";"Sie plaudern."
"Regal";"shelf";"Which shelf is it on?";"Auf welchem Regal liegt es?"
"Schwanz";"tail";"The dog wagged its tail.";"Der Hund wedelte mit dem Schwanz."
"Besessenheit";"possession";"Possession is nine-tenths of the law.";"Das Recht steht auf der Seite der Besitzenden."
"Abtreibung";"abortion";"The throng protested against abortion.";"Die Menge protestierte gegen Abtreibung."
"neugierig";"curious";"Small children are very curious.";"Kleine Kinder sind sehr neugierig."
"hölzern";"wooden";"This is a wooden house.";"Dieses ist ein Holzhaus."
"Kuh";"cow";"A cow gives us milk.";"Die Kuh gibt uns Milch."
"stärken";"strengthen";"It is important to strengthen the basis.";"Es ist wichtig, die Grundlagen zu stärken."
"falten";"fold";"Do not bend or fold!";"Nicht falten oder knicken."
"Mülltonne";"bin";"Our wheelie bin was stolen.";"Unsere Mülltonne wurde geklaut."
"Rahmen";"scope";"Their scope and shape is unclear.";"Ihr Rahmen und ihre Ausgestaltung sind unklar."
"Vielfalt";"diversity";"Some desire homogeneity; I desire diversity.";"Die einen wünschen sich Einheitlichkeit; ich wünsche mir Vielfalt."
"Hochmut";"pride";"Pride goes before a fall.";"Hochmut kommt vor dem Fall."
"zurücktreten";"resign";"The minister had to resign.";"Der Minister musste zurücktreten."
"Handwerk";"craft";"She learned the craft of basket weaving from her grandmother.";"Sie erlernte die Kunst des Korbwebens von ihrer Großmutter."
"streng";"strict";"My parents are very strict.";"Meine Eltern sind ziemlich streng."
"Schale";"shell";"Coconuts have a hard shell.";"Die Kokosnuss hat eine harte Schale."
"Zeichen";"indication";"Willingness to correct is an indication of wisdom.";"Die Bereitschaft zur Korrektur ist ein Zeichen von Weisheit."
"weise";"wise";"You made a wise choice.";"Du hast weise gewählt."
"vernachlässigen";"neglect";"Don't neglect your daily responsibilities.";"Vernachlässige nicht deine täglichen Pflichten."
"Gefängnis";"jail";"He ended up in jail.";"Er landete im Gefängnis."
"bloß";"mere";"He is a mere child.";"Er ist bloß ein Kind."
"Kohlenstoff";"carbon";"Coal consists mostly of carbon.";"Kohle besteht vor allem aus Kohlenstoff."
"Käse";"cheese";"Cheese is made from milk.";"Käse wird aus Milch gemacht."
"Gitarre";"guitar";"John can't play the guitar.";"Jon kann nicht Gitarre spielen."
"Fahne";"flag";"Ned held the flag erect.";"Ned hielt die Fahne hoch."
"Klavier";"piano";"Betty can play the piano.";"Betty kann Klavier spielen."
"Rätsel";"mystery";"Space is full of mystery.";"Der Weltraum ist voller Rätsel."
"Ski";"ski";"I know how to ski.";"Ich kann Ski fahren."
"Flüstern";"whisper";"Don't whisper, let alone speak.";"Nicht flüstern, und schon gar nicht laut reden!"
"Art";"species";"Half the species are woman.";"Die Hälfte der Art sind Weibchen."
"Mond";"moon";"The moon is shining bright.";"Der Mond scheint hell."
"vermutlich";"presumably";"Presumably it was lost in translation.";"Vermutlich ging das bei der Übersetzung verloren."
"segnen";"bless";"He prayed God to bless me.";"Er betete zu Gott, dass er mich segne."
"Fluggesellschaft";"airline";"The airline lost my bags.";"Die Fluggesellschaft hat mein Gepäck verloren."
"Novelle";"amendment";"The amendment was first proposed in 1789.";"Die Novelle wurde das erste Mal 1789 vorgelegt."
"Großmutter";"grandmother";"My grandmother lives by herself.";"Meine Großmutter lebt allein."
"die Geschworenen";"jury";"The jury found Tom guilty.";"Die Geschworenen befanden Tom für schuldig."
"Kooperation";"cooperation";"I really appreciate your cooperation.";"Ich weiß Ihre Kooperation wirklich zu schätzen."
"zivil";"civilian";"These soldiers are wearing civilian clothes.";"Diese Soldaten tragen Zivilkleidung."
"Bund";"bunch";"What a bunch of idiots!";"Was für eine Menge Idioten!"
"grüßen";"greet";"Greet her, if you see her!";"Grüßen Sie sie, wenn Sie sie sehen!"
"hoffentlich";"hopefully";"Hopefully, the island is beautiful.";"Hoffentlich ist die Insel schön."
"Sanktion";"sanction";"This sanction goes much further.";"Diese Sanktion geht viel weiter."
"List";"trick";"That should do the trick.";"So müsste es gehen."
"Paragraph";"paragraph";"Please refer to paragraph ten.";"Bitte beziehen Sie sich auf Paragraph zehn."
"Schokolade";"chocolate";"Who wants some hot chocolate?";"Wer will heiße Schokolade?"
"Taschentuch";"tissue";"I don't need a tissue.";"Ich brauche kein Taschentuch."
"Tourismus";"tourism";"A new phenomenon arose: mass tourism.";"Ein neues Phänomen tauchte auf: der Massentourismus."
"Motivation";"motivation";"Motivation is the key to success.";"Motivation ist der Schlüssel zum Erfolg."
"nirgendwo";"nowhere";"It will get you nowhere.";"Das wird dich nicht weiterbringen."
"beten";"pray";"He knows how to pray.";"Er kann beten."
"überraschend";"surprisingly";"This film was surprisingly interesting.";"Dieser Film war überraschend interessant."
"anders";"differently";"Let me put this differently.";"Lass mich das anders ausdrücken."
"Richtlinie";"guideline";"Actually, it's really more of a guideline than a rule.";"Eigentlich ist das so mehr eine Richtlinie als eine Regel."
"Umschlag";"envelope";"I ripped the envelope open.";"Ich riss den Umschlag auf."
"Messer";"knife";"Please lend me your knife.";"Leih mir bitte dein Messer."
"verzehren";"consume";"I consume, therefore I am.";"Ich konsumiere, das heißt ich existiere."
"Luxus";"luxury";"It's the pinnacle of luxury.";"Das ist der Gipfel des Luxus."
"wo immer";"wherever";"I'll go wherever you go.";"Ich werde gehen, wohin du gehst."
"Drucker";"printer";"I can't find the printer.";"Ich kann den Drucker nicht finden."
"Abenteuer";"adventure";"Life is full of adventure.";"Das Leben ist voller Abenteuer."
"erschöpfen";"exhaust";"Exhaust from factories pollutes the air.";"Abgase von Fabriken verunreinigen die Luft."
"Ozean";"ocean";"They crossed the Atlantic Ocean.";"Sie überquerten den Atlantischen Ozean."
"Schloss";"castle";"The castle is worth visiting.";"Das Schloss ist einen Besuch wert."
"Veteran";"veteran";"Tom is a veteran now.";"Tom ist jetzt ein Veteran."
"Entschlossenheit";"determination";"Never underestimate a man's determination to be free.";"Unterschätzen Sie niemals die Entschlossenheit eines Mannes, frei zu sein."
"ohne Ausnahme";"altogether";"That is not altogether false.";"Das ist nicht völlig falsch."
"Teppich";"carpet";"We want a new carpet.";"Wir wollen einen neuen Teppich."
"Verwirrung";"confusion";"Fear and confusion were spreading.";"Schrecken und Verwirrung machten sich breit."
"Logik";"logic";"I cannot follow your logic.";"Ich kann deiner Logik nicht folgen."
"umstritten";"controversial";"This movie is highly controversial.";"Dieser Film ist sehr umstritten."
"Grammatik";"grammar";"You must study grammar more.";"Du musst mehr Grammatik lernen."
"wiederholen";"revise";"You'd better revise history for the exam.";"Du solltest dir vor der Klausur noch mal Geschichte ansehen."
"Tipp";"hint";"He gave me a hint.";"Er gab mir einen Tipp."
"Haken";"hook";"Hang your coat on the hook.";"Häng deinen Mantel an den Haken."
"Glocke";"bell";"What was invented by Bell?";"Was wurde von Bell erfunden?"
"Flüssigkeit";"liquid";"This transparent liquid contains poison.";"Diese durchsichtige Flüssigkeit enthält Gift."
"Panik";"panic";"Tom had a panic attack.";"Tom erlitt eine Panikattacke."
"Onkel";"uncle";"Is your uncle still abroad?";"Ist dein Onkel immer noch im Ausland?"
"Reis";"rice";"We Japanese live on rice.";"Wir Japaner leben von Reis."
"Glück";"happiness";"I wish you every happiness.";"Ich wünsche dir jedes Glück der Welt!"
"echt";"genuine";"These pearls are genuine, not artificial.";"Diese Perlen sind echt, nicht künstlich."
"Verb";"verb";"Can you conjugate this verb?";"Kannst du dieses Verb konjugieren?"
"Beförderung";"transportation";"We have no means of transportation.";"Wir haben kein Transportmittel."
"Komödie";"comedy";"This film is a comedy.";"Dieser Film ist eine Komödie."
"Lagerung";"storage";"This is the storage room.";"Das hier ist der Abstellraum."
"Universum";"universe";"But the universe is infinite.";"Aber das Universum ist unendlich."
"schrecklich";"horrible";"It is horrible to see.";"Es ist schrecklich anzusehen."
"Liebhaber";"lover";"My lover doesn't love me.";"Mein Liebhaber liebt mich nicht."
"Porträt";"portrait";"Do you see the portrait?";"Siehst du das Porträt?"
"rein";"innocent";"They are all innocent children.";"Sie sind alle unschuldige Kinder."
"halbwegs";"reasonably";"The refectory does reasonably priced food.";"In der Mensa gibt es günstiges Essen."
"biegsam";"flexible";"I have a flexible schedule.";"Ich habe einen flexiblen Zeitplan."
"Zelt";"tent";"We slept in a tent.";"Wir schliefen in einem Zelt."
"genau";"precise";"My watch is very precise.";"Meine Uhr geht sehr genau."
"Fremder";"stranger";"The stranger came toward me.";"Der Fremde kam auf mich zu."
"Schatten";"shade";"I'm standing in the shade.";"Ich stehe im Schatten."
"Getreide";"grain";"They export grain to many countries.";"Sie exportieren Getreide in viele Länder."
"zusammenfassen";"summarize";"I can summarize a document.";"Ich kann ein Dokument zusammenfassen."
"Wahrscheinlichkeit";"probability";"The probability is, however, low.";"Aber die Wahrscheinlichkeit ist gering."
"Ungewissheit";"uncertainty";"The scariest thing in life is uncertainty.";"Das Furchtbarste im Leben ist Ungewissheit."
"Begeisterung";"excitement";"The square buzzed with excitement.";"Auf dem Platz raunte es vor Begeisterung."
"Scheibe";"slice";"I don't slice their bread.";"Ich schneide ihr Brot nicht in Scheiben."
"Reich";"empire";"The evil empire is furious.";"Das Reich des Bösen ist sehr erbost!"
"Anwesenheit";"attendance";"Tom will be in attendance.";"Tom wird anwesend sein."
"Eigentum";"ownership";"Our ownership in the company is 60%.";"Unser Anteil an diesem Unternehmen beträgt sechzig Prozent (60 %)."
"blass";"pale";"The girl looked so pale.";"Das Mädchen sah so blass aus."
"Fleck";"stain";"This stain won't come out.";"Dieser Fleck geht nicht raus."
"Athlet";"athlete";"He is a good athlete.";"Er ist ein guter Athlet."
"Zunge";"tongue";"Linda stuck her tongue out.";"Linda streckte die Zunge heraus."
"Server";"server";"The server is down again.";"Der Server ist wieder ausgefallen."
"Website";"website";"Do you have a website?";"Hast du eine Website?"
"dumme Gans";"fool";"You must be a fool.";"Du bist doch ein Trottel!"
"längsseits";"alongside";"He was DJing alongside me.";"Er legte an meiner Seite Platten auf."
"berechnen";"compute";"Scientists can easily compute the distance between planets.";"Wissenschaftler können leicht den Abstand zwischen zwei Planeten berechnen."
"wischen";"wipe";"Give the table a wipe.";"Wisch mal die Tafel ab!"
"husten";"cough";"Do you have cough drops?";"Hast du Hustenbonbons?"
"königlich";"royal";"Where is her royal highness?";"Wo ist Ihre Königliche Hoheit?"
"Vorhang";"curtain";"Let's hide behind the curtain.";"Komm, wir verstecken uns hinterm Vorhang."
"Finsternis";"darkness";"The light penetrates the darkness.";"Das Licht durchbricht die Finsternis."
"Tante";"aunt";"What does your aunt do?";"Was macht deine Tante?"
"Turnier";"tournament";"Twenty teams entered the tournament.";"Zwanzig Mannschaften nahmen an dem Turnier teil."
"zart";"tender";"She has a tender heart.";"Sie hat ein weiches Herz."
"hässlich";"ugly";"Do you think I'm ugly?";"Denkst du, dass ich hässlich bin?"
"Modul";"module";"The module has only countably many direct summands up to isomorphism.";"Der Modul hat bis auf Isomorphie nur abzählbar viele direkte Summanden."
"Herbst";"autumn";"Paris is best in autumn.";"Paris ist am besten im Herbst."
"Stirn";"cheek";"He has plenty of cheek.";"Er ist ganz schön frech."
"Anhang";"attachment";"The resume is in the attachment.";"Der Lebenslauf ist im Anhang."
"Grinsen";"grin";"He said it with a broad grin.";"Er sagte das mit einem breiten Grinsen."
"Rose";"rose";"There is a yellow rose.";"Da ist eine gelbe Rose."
"faul";"lazy";"Fred is a lazy fellow.";"Fred ist ein fauler Hund."
"hallo";"hello";"Hello? Are you still here?";"Hallo? Bist du noch da?"
"hungern";"hunger";"Hunger is the best sauce.";"Hunger ist der beste Koch."
"versichern";"insure";"I'd like to insure this, please.";"Ich würde dies bitte gern versichern."
"beschämt";"ashamed";"You ought to be ashamed.";"Du solltest dich schämen."
"Blog";"blog";"Do you have a blog?";"Hast du einen Blog?"
